Log file created at: yago_flip_experiment/predictions_ifp/materialization/20260825_105139//YAGO4.5-10-flipIFP_materialization_experiment_20260825_105139.log
==================================================
Starting Materialization for Dataset: YAGO4.5-10-flipIFP
==================================================
Output Directory: yago_flip_experiment/predictions_ifp/materialization/20260825_105139/
Rule percentages (Scenario B): [1.0, 5.0, 10.0]
Triple percentages (Scenario A): []
Loaded 3254598 known facts.
Building Unified Semantic Graph...
Loading ontology from: yago_flip_experiment/data/YAGO4.5-10-flip_tbox.nt and yago_flip_experiment/data/YAGO4.5-10-flip_entity_types.nt
SLF4J: Failed to load class "org.slf4j.impl.StaticLoggerBinder".
SLF4J: Defaulting to no-operation (NOP) logger implementation
SLF4J: See http://www.slf4j.org/codes.html#StaticLoggerBinder for further details.
Loading entity types: yago_flip_experiment/data/YAGO4.5-10-flip_entity_types.nt
Reasoning complete. Extracting constraints...
Extraction complete. Jena model can now be discarded.
SemanticGraphManager: Compiled 90 property constraints from TBox.
SemanticGraphManager: Extracted 8 disjoint class mappings.
SemanticGraphManager: Loaded types for 364713 entities.

##################################################
           MATERIALIZING WITH ANYBURL RULES       
##################################################
--- Ruleset: AnyBURL FULL ---
Loading Rules from: yago_flip_experiment/rules/YAGO4.5-10-flip_rules_anyburl_IFP-300

>>> SCENARIO B: Materializing by Top N% Rules <<<

--- Condition: Standard | Target: Top 1% Rules ---
--- Mode: TOP N% RULES BY CONFIDENCE ---
Total rules available: 20562. Using top 1.0% (206 rules).
Rule 1/206 applied. Total new triples: 51
Rule 2/206 applied. Total new triples: 51
Rule 3/206 applied. Total new triples: 123
Rule 4/206 applied. Total new triples: 126
Rule 5/206 applied. Total new triples: 126
Rule 6/206 applied. Total new triples: 136
Rule 7/206 applied. Total new triples: 145
Rule 8/206 applied. Total new triples: 150
Rule 9/206 applied. Total new triples: 152
Rule 10/206 applied. Total new triples: 158
Rule 11/206 applied. Total new triples: 164
Rule 12/206 applied. Total new triples: 172
Rule 13/206 applied. Total new triples: 183
Rule 14/206 applied. Total new triples: 239
Rule 15/206 applied. Total new triples: 239
Rule 16/206 applied. Total new triples: 239
Rule 17/206 applied. Total new triples: 252
Rule 18/206 applied. Total new triples: 257
Rule 19/206 applied. Total new triples: 258
Rule 20/206 applied. Total new triples: 273
Rule 21/206 applied. Total new triples: 273
Rule 22/206 applied. Total new triples: 273
Rule 23/206 applied. Total new triples: 277
Rule 24/206 applied. Total new triples: 285
Rule 25/206 applied. Total new triples: 287
Rule 26/206 applied. Total new triples: 292
Rule 27/206 applied. Total new triples: 292
Rule 28/206 applied. Total new triples: 381
Rule 29/206 applied. Total new triples: 388
Rule 30/206 applied. Total new triples: 396
Rule 31/206 applied. Total new triples: 416
Rule 32/206 applied. Total new triples: 416
Rule 33/206 applied. Total new triples: 419
Rule 34/206 applied. Total new triples: 419
Rule 35/206 applied. Total new triples: 422
Rule 36/206 applied. Total new triples: 423
Rule 37/206 applied. Total new triples: 430
Rule 38/206 applied. Total new triples: 431
Rule 39/206 applied. Total new triples: 432
Rule 40/206 applied. Total new triples: 453
Rule 41/206 applied. Total new triples: 458
Rule 42/206 applied. Total new triples: 497
Rule 43/206 applied. Total new triples: 508
Rule 44/206 applied. Total new triples: 739
Rule 45/206 applied. Total new triples: 740
Rule 46/206 applied. Total new triples: 740
Rule 47/206 applied. Total new triples: 796
Rule 48/206 applied. Total new triples: 804
Rule 49/206 applied. Total new triples: 807
Rule 50/206 applied. Total new triples: 847
Rule 51/206 applied. Total new triples: 851
Rule 52/206 applied. Total new triples: 905
Rule 53/206 applied. Total new triples: 908
Rule 54/206 applied. Total new triples: 908
Rule 55/206 applied. Total new triples: 910
Rule 56/206 applied. Total new triples: 925
Rule 57/206 applied. Total new triples: 926
Rule 58/206 applied. Total new triples: 926
Rule 59/206 applied. Total new triples: 927
Rule 60/206 applied. Total new triples: 940
Rule 61/206 applied. Total new triples: 954
Rule 62/206 applied. Total new triples: 1015
Rule 63/206 applied. Total new triples: 1015
Rule 64/206 applied. Total new triples: 1015
Rule 65/206 applied. Total new triples: 1015
Rule 66/206 applied. Total new triples: 1015
Rule 67/206 applied. Total new triples: 1019
Rule 68/206 applied. Total new triples: 1026
Rule 69/206 applied. Total new triples: 1032
Rule 70/206 applied. Total new triples: 1048
Rule 71/206 applied. Total new triples: 1050
Rule 72/206 applied. Total new triples: 1052
Rule 73/206 applied. Total new triples: 1067
Rule 74/206 applied. Total new triples: 1093
Rule 75/206 applied. Total new triples: 1121
Rule 76/206 applied. Total new triples: 1121
Rule 77/206 applied. Total new triples: 1122
Rule 78/206 applied. Total new triples: 1122
Rule 79/206 applied. Total new triples: 1122
Rule 80/206 applied. Total new triples: 1123
Rule 81/206 applied. Total new triples: 1127
Rule 82/206 applied. Total new triples: 1132
Rule 83/206 applied. Total new triples: 1141
Rule 84/206 applied. Total new triples: 1155
Rule 85/206 applied. Total new triples: 1193
Rule 86/206 applied. Total new triples: 1215
Rule 87/206 applied. Total new triples: 1369
Rule 88/206 applied. Total new triples: 1369
Rule 89/206 applied. Total new triples: 1371
Rule 90/206 applied. Total new triples: 1387
Rule 91/206 applied. Total new triples: 1390
Rule 92/206 applied. Total new triples: 1391
Rule 93/206 applied. Total new triples: 1391
Rule 94/206 applied. Total new triples: 1391
Rule 95/206 applied. Total new triples: 1396
Rule 96/206 applied. Total new triples: 1405
Rule 97/206 applied. Total new triples: 1405
Rule 98/206 applied. Total new triples: 1405
Rule 99/206 applied. Total new triples: 1405
Rule 100/206 applied. Total new triples: 1405
Rule 101/206 applied. Total new triples: 1405
Rule 102/206 applied. Total new triples: 1405
Rule 103/206 applied. Total new triples: 1405
Rule 104/206 applied. Total new triples: 1410
Rule 105/206 applied. Total new triples: 1410
Rule 106/206 applied. Total new triples: 1410
Rule 107/206 applied. Total new triples: 1412
Rule 108/206 applied. Total new triples: 1414
Rule 109/206 applied. Total new triples: 1416
Rule 110/206 applied. Total new triples: 1418
Rule 111/206 applied. Total new triples: 1418
Rule 112/206 applied. Total new triples: 1420
Rule 113/206 applied. Total new triples: 1420
Rule 114/206 applied. Total new triples: 1422
Rule 115/206 applied. Total new triples: 1474
Rule 116/206 applied. Total new triples: 1475
Rule 117/206 applied. Total new triples: 1479
Rule 118/206 applied. Total new triples: 1490
Rule 119/206 applied. Total new triples: 1509
Rule 120/206 applied. Total new triples: 1523
Rule 121/206 applied. Total new triples: 1539
Rule 122/206 applied. Total new triples: 1545
Rule 123/206 applied. Total new triples: 1551
Rule 124/206 applied. Total new triples: 1557
Rule 125/206 applied. Total new triples: 1627
Rule 126/206 applied. Total new triples: 1627
Rule 127/206 applied. Total new triples: 1628
Rule 128/206 applied. Total new triples: 1628
Rule 129/206 applied. Total new triples: 1628
Rule 130/206 applied. Total new triples: 1629
Rule 131/206 applied. Total new triples: 1630
Rule 132/206 applied. Total new triples: 1633
Rule 133/206 applied. Total new triples: 1633
Rule 134/206 applied. Total new triples: 1633
Rule 135/206 applied. Total new triples: 1634
Rule 136/206 applied. Total new triples: 1638
Rule 137/206 applied. Total new triples: 1847
Rule 138/206 applied. Total new triples: 1856
Rule 139/206 applied. Total new triples: 1879
Rule 140/206 applied. Total new triples: 1887
Rule 141/206 applied. Total new triples: 1900
Rule 142/206 applied. Total new triples: 1906
Rule 143/206 applied. Total new triples: 1912
Rule 144/206 applied. Total new triples: 1929
Rule 145/206 applied. Total new triples: 1930
Rule 146/206 applied. Total new triples: 1938
Rule 147/206 applied. Total new triples: 1942
Rule 148/206 applied. Total new triples: 1946
Rule 149/206 applied. Total new triples: 2064
Rule 150/206 applied. Total new triples: 2064
Rule 151/206 applied. Total new triples: 2065
Rule 152/206 applied. Total new triples: 2067
Rule 153/206 applied. Total new triples: 2068
Rule 154/206 applied. Total new triples: 2071
Rule 155/206 applied. Total new triples: 2071
Rule 156/206 applied. Total new triples: 2072
Rule 157/206 applied. Total new triples: 2072
Rule 158/206 applied. Total new triples: 2077
Rule 159/206 applied. Total new triples: 2095
Rule 160/206 applied. Total new triples: 2104
Rule 161/206 applied. Total new triples: 2106
Rule 162/206 applied. Total new triples: 2116
Rule 163/206 applied. Total new triples: 2123
Rule 164/206 applied. Total new triples: 2131
Rule 165/206 applied. Total new triples: 2154
Rule 166/206 applied. Total new triples: 2167
Rule 167/206 applied. Total new triples: 2167
Rule 168/206 applied. Total new triples: 2170
Rule 169/206 applied. Total new triples: 2188
Rule 170/206 applied. Total new triples: 2192
Rule 171/206 applied. Total new triples: 2192
Rule 172/206 applied. Total new triples: 2192
Rule 173/206 applied. Total new triples: 2192
Rule 174/206 applied. Total new triples: 2212
Rule 175/206 applied. Total new triples: 2293
Rule 176/206 applied. Total new triples: 2306
Rule 177/206 applied. Total new triples: 2335
Rule 178/206 applied. Total new triples: 2338
Rule 179/206 applied. Total new triples: 2341
Rule 180/206 applied. Total new triples: 2343
Rule 181/206 applied. Total new triples: 2343
Rule 182/206 applied. Total new triples: 2350
Rule 183/206 applied. Total new triples: 2353
Rule 184/206 applied. Total new triples: 2366
Rule 185/206 applied. Total new triples: 2390
Rule 186/206 applied. Total new triples: 2400
Rule 187/206 applied. Total new triples: 2431
Rule 188/206 applied. Total new triples: 2435
Rule 189/206 applied. Total new triples: 2439
Rule 190/206 applied. Total new triples: 2572
Rule 191/206 applied. Total new triples: 2572
Rule 192/206 applied. Total new triples: 2572
Rule 193/206 applied. Total new triples: 2676
Rule 194/206 applied. Total new triples: 2687
Rule 195/206 applied. Total new triples: 2716
Rule 196/206 applied. Total new triples: 2730
Rule 197/206 applied. Total new triples: 2732
Rule 198/206 applied. Total new triples: 2740
Rule 199/206 applied. Total new triples: 2744
Rule 200/206 applied. Total new triples: 2744
Rule 201/206 applied. Total new triples: 2748
Rule 202/206 applied. Total new triples: 2748
Rule 203/206 applied. Total new triples: 2762
Rule 204/206 applied. Total new triples: 2762
Rule 205/206 applied. Total new triples: 2776
Rule 206/206 applied. Total new triples: 2777
Materialization complete. Writing to file...
--- Rule materialization breakdown ---
  Rules processed:                       206
  Fully materialized (no exceptions):    206 (of which 0 produced no predictions: lack of groundings)
  Partial (some exceptions, had preds):  0
  Skipped (exceptions, no predictions):  0
  Rules that added new triples:          155
Total elapsed time for materialization: 27777 ms (27.78 seconds)
Successfully wrote 2777 triples to yago_flip_experiment/predictions_ifp/materialization/20260825_105139//YAGO4.5-10-flipIFP_anyburl_FULL_standard_1_rules_20260825_105139.nt

--- Condition: Semantic | Target: Top 1% Rules ---
--- Mode: TOP N% RULES BY CONFIDENCE ---
Total rules available: 20562. Using top 1.0% (206 rules).
Rule 1/206 applied. Total new triples: 16
Rule 2/206 applied. Total new triples: 16
Rule 3/206 applied. Total new triples: 26
Rule 4/206 applied. Total new triples: 26
Rule 5/206 applied. Total new triples: 26
Rule 6/206 applied. Total new triples: 32
Rule 7/206 applied. Total new triples: 39
Rule 8/206 applied. Total new triples: 43
Rule 9/206 applied. Total new triples: 43
Rule 10/206 applied. Total new triples: 44
Rule 11/206 applied. Total new triples: 44
Rule 12/206 applied. Total new triples: 45
Rule 13/206 applied. Total new triples: 53
Rule 14/206 applied. Total new triples: 59
Rule 15/206 applied. Total new triples: 59
Rule 16/206 applied. Total new triples: 59
Rule 17/206 applied. Total new triples: 65
Rule 18/206 applied. Total new triples: 68
Rule 19/206 applied. Total new triples: 69
Rule 20/206 applied. Total new triples: 77
Rule 21/206 applied. Total new triples: 77
Rule 22/206 applied. Total new triples: 77
Rule 23/206 applied. Total new triples: 81
Rule 24/206 applied. Total new triples: 83
Rule 25/206 applied. Total new triples: 83
Rule 26/206 applied. Total new triples: 83
Rule 27/206 applied. Total new triples: 83
Rule 28/206 applied. Total new triples: 114
Rule 29/206 applied. Total new triples: 116
Rule 30/206 applied. Total new triples: 116
Rule 31/206 applied. Total new triples: 118
Rule 32/206 applied. Total new triples: 118
Rule 33/206 applied. Total new triples: 119
Rule 34/206 applied. Total new triples: 119
Rule 35/206 applied. Total new triples: 119
Rule 36/206 applied. Total new triples: 119
Rule 37/206 applied. Total new triples: 120
Rule 38/206 applied. Total new triples: 121
Rule 39/206 applied. Total new triples: 121
Rule 40/206 applied. Total new triples: 125
Rule 41/206 applied. Total new triples: 125
Rule 42/206 applied. Total new triples: 140
Rule 43/206 applied. Total new triples: 141
Rule 44/206 applied. Total new triples: 168
Rule 45/206 applied. Total new triples: 168
Rule 46/206 applied. Total new triples: 168
Rule 47/206 applied. Total new triples: 171
Rule 48/206 applied. Total new triples: 171
Rule 49/206 applied. Total new triples: 171
Rule 50/206 applied. Total new triples: 189
Rule 51/206 applied. Total new triples: 190
Rule 52/206 applied. Total new triples: 222
Rule 53/206 applied. Total new triples: 222
Rule 54/206 applied. Total new triples: 222
Rule 55/206 applied. Total new triples: 224
Rule 56/206 applied. Total new triples: 234
Rule 57/206 applied. Total new triples: 235
Rule 58/206 applied. Total new triples: 235
Rule 59/206 applied. Total new triples: 235
Rule 60/206 applied. Total new triples: 236
Rule 61/206 applied. Total new triples: 246
Rule 62/206 applied. Total new triples: 292
Rule 63/206 applied. Total new triples: 292
Rule 64/206 applied. Total new triples: 292
Rule 65/206 applied. Total new triples: 292
Rule 66/206 applied. Total new triples: 292
Rule 67/206 applied. Total new triples: 292
Rule 68/206 applied. Total new triples: 299
Rule 69/206 applied. Total new triples: 301
Rule 70/206 applied. Total new triples: 307
Rule 71/206 applied. Total new triples: 308
Rule 72/206 applied. Total new triples: 308
Rule 73/206 applied. Total new triples: 315
Rule 74/206 applied. Total new triples: 316
Rule 75/206 applied. Total new triples: 326
Rule 76/206 applied. Total new triples: 326
Rule 77/206 applied. Total new triples: 326
Rule 78/206 applied. Total new triples: 326
Rule 79/206 applied. Total new triples: 326
Rule 80/206 applied. Total new triples: 326
Rule 81/206 applied. Total new triples: 327
Rule 82/206 applied. Total new triples: 327
Rule 83/206 applied. Total new triples: 332
Rule 84/206 applied. Total new triples: 332
Rule 85/206 applied. Total new triples: 334
Rule 86/206 applied. Total new triples: 343
Rule 87/206 applied. Total new triples: 414
Rule 88/206 applied. Total new triples: 414
Rule 89/206 applied. Total new triples: 416
Rule 90/206 applied. Total new triples: 419
Rule 91/206 applied. Total new triples: 419
Rule 92/206 applied. Total new triples: 420
Rule 93/206 applied. Total new triples: 420
Rule 94/206 applied. Total new triples: 420
Rule 95/206 applied. Total new triples: 424
Rule 96/206 applied. Total new triples: 424
Rule 97/206 applied. Total new triples: 424
Rule 98/206 applied. Total new triples: 424
Rule 99/206 applied. Total new triples: 424
Rule 100/206 applied. Total new triples: 424
Rule 101/206 applied. Total new triples: 424
Rule 102/206 applied. Total new triples: 424
Rule 103/206 applied. Total new triples: 424
Rule 104/206 applied. Total new triples: 425
Rule 105/206 applied. Total new triples: 425
Rule 106/206 applied. Total new triples: 425
Rule 107/206 applied. Total new triples: 426
Rule 108/206 applied. Total new triples: 427
Rule 109/206 applied. Total new triples: 427
Rule 110/206 applied. Total new triples: 428
Rule 111/206 applied. Total new triples: 428
Rule 112/206 applied. Total new triples: 428
Rule 113/206 applied. Total new triples: 428
Rule 114/206 applied. Total new triples: 429
Rule 115/206 applied. Total new triples: 451
Rule 116/206 applied. Total new triples: 451
Rule 117/206 applied. Total new triples: 452
Rule 118/206 applied. Total new triples: 453
Rule 119/206 applied. Total new triples: 457
Rule 120/206 applied. Total new triples: 466
Rule 121/206 applied. Total new triples: 473
Rule 122/206 applied. Total new triples: 473
Rule 123/206 applied. Total new triples: 473
Rule 124/206 applied. Total new triples: 475
Rule 125/206 applied. Total new triples: 491
Rule 126/206 applied. Total new triples: 491
Rule 127/206 applied. Total new triples: 491
Rule 128/206 applied. Total new triples: 491
Rule 129/206 applied. Total new triples: 491
Rule 130/206 applied. Total new triples: 492
Rule 131/206 applied. Total new triples: 493
Rule 132/206 applied. Total new triples: 493
Rule 133/206 applied. Total new triples: 493
Rule 134/206 applied. Total new triples: 493
Rule 135/206 applied. Total new triples: 494
Rule 136/206 applied. Total new triples: 494
Rule 137/206 applied. Total new triples: 513
Rule 138/206 applied. Total new triples: 513
Rule 139/206 applied. Total new triples: 514
Rule 140/206 applied. Total new triples: 514
Rule 141/206 applied. Total new triples: 516
Rule 142/206 applied. Total new triples: 516
Rule 143/206 applied. Total new triples: 516
Rule 144/206 applied. Total new triples: 523
Rule 145/206 applied. Total new triples: 524
Rule 146/206 applied. Total new triples: 527
Rule 147/206 applied. Total new triples: 531
Rule 148/206 applied. Total new triples: 531
Rule 149/206 applied. Total new triples: 540
Rule 150/206 applied. Total new triples: 540
Rule 151/206 applied. Total new triples: 540
Rule 152/206 applied. Total new triples: 540
Rule 153/206 applied. Total new triples: 540
Rule 154/206 applied. Total new triples: 541
Rule 155/206 applied. Total new triples: 541
Rule 156/206 applied. Total new triples: 541
Rule 157/206 applied. Total new triples: 541
Rule 158/206 applied. Total new triples: 542
Rule 159/206 applied. Total new triples: 542
Rule 160/206 applied. Total new triples: 543
Rule 161/206 applied. Total new triples: 544
Rule 162/206 applied. Total new triples: 544
Rule 163/206 applied. Total new triples: 545
Rule 164/206 applied. Total new triples: 545
Rule 165/206 applied. Total new triples: 547
Rule 166/206 applied. Total new triples: 548
Rule 167/206 applied. Total new triples: 548
Rule 168/206 applied. Total new triples: 549
Rule 169/206 applied. Total new triples: 557
Rule 170/206 applied. Total new triples: 558
Rule 171/206 applied. Total new triples: 558
Rule 172/206 applied. Total new triples: 558
Rule 173/206 applied. Total new triples: 558
Rule 174/206 applied. Total new triples: 559
Rule 175/206 applied. Total new triples: 596
Rule 176/206 applied. Total new triples: 600
Rule 177/206 applied. Total new triples: 625
Rule 178/206 applied. Total new triples: 628
Rule 179/206 applied. Total new triples: 628
Rule 180/206 applied. Total new triples: 628
Rule 181/206 applied. Total new triples: 628
Rule 182/206 applied. Total new triples: 634
Rule 183/206 applied. Total new triples: 635
Rule 184/206 applied. Total new triples: 639
Rule 185/206 applied. Total new triples: 639
Rule 186/206 applied. Total new triples: 639
Rule 187/206 applied. Total new triples: 655
Rule 188/206 applied. Total new triples: 655
Rule 189/206 applied. Total new triples: 659
Rule 190/206 applied. Total new triples: 692
Rule 191/206 applied. Total new triples: 692
Rule 192/206 applied. Total new triples: 692
Rule 193/206 applied. Total new triples: 752
Rule 194/206 applied. Total new triples: 753
Rule 195/206 applied. Total new triples: 760
Rule 196/206 applied. Total new triples: 760
Rule 197/206 applied. Total new triples: 760
Rule 198/206 applied. Total new triples: 764
Rule 199/206 applied. Total new triples: 766
Rule 200/206 applied. Total new triples: 766
Rule 201/206 applied. Total new triples: 769
Rule 202/206 applied. Total new triples: 769
Rule 203/206 applied. Total new triples: 777
Rule 204/206 applied. Total new triples: 777
Rule 205/206 applied. Total new triples: 785
Rule 206/206 applied. Total new triples: 785
Materialization complete. Writing to file...
--- Rule materialization breakdown ---
  Rules processed:                       206
  Fully materialized (no exceptions):    206 (of which 60 produced no predictions: lack of groundings)
  Partial (some exceptions, had preds):  0
  Skipped (exceptions, no predictions):  0
  Rules that added new triples:          104
Total elapsed time for materialization: 39662 ms (39.66 seconds)
Successfully wrote 785 triples to yago_flip_experiment/predictions_ifp/materialization/20260825_105139//YAGO4.5-10-flipIFP_anyburl_FULL_semantic_1_rules_20260825_105139.nt

--- Condition: Standard | Target: Top 5% Rules ---
--- Mode: TOP N% RULES BY CONFIDENCE ---
Total rules available: 20562. Using top 5.0% (1029 rules).
Rule 1/1029 applied. Total new triples: 51
Rule 2/1029 applied. Total new triples: 51
Rule 3/1029 applied. Total new triples: 123
Rule 4/1029 applied. Total new triples: 126
Rule 5/1029 applied. Total new triples: 126
Rule 6/1029 applied. Total new triples: 136
Rule 7/1029 applied. Total new triples: 145
Rule 8/1029 applied. Total new triples: 150
Rule 9/1029 applied. Total new triples: 152
Rule 10/1029 applied. Total new triples: 158
Rule 11/1029 applied. Total new triples: 164
Rule 12/1029 applied. Total new triples: 172
Rule 13/1029 applied. Total new triples: 183
Rule 14/1029 applied. Total new triples: 239
Rule 15/1029 applied. Total new triples: 239
Rule 16/1029 applied. Total new triples: 239
Rule 17/1029 applied. Total new triples: 252
Rule 18/1029 applied. Total new triples: 257
Rule 19/1029 applied. Total new triples: 258
Rule 20/1029 applied. Total new triples: 273
Rule 21/1029 applied. Total new triples: 273
Rule 22/1029 applied. Total new triples: 273
Rule 23/1029 applied. Total new triples: 277
Rule 24/1029 applied. Total new triples: 285
Rule 25/1029 applied. Total new triples: 287
Rule 26/1029 applied. Total new triples: 292
Rule 27/1029 applied. Total new triples: 292
Rule 28/1029 applied. Total new triples: 381
Rule 29/1029 applied. Total new triples: 388
Rule 30/1029 applied. Total new triples: 396
Rule 31/1029 applied. Total new triples: 416
Rule 32/1029 applied. Total new triples: 416
Rule 33/1029 applied. Total new triples: 419
Rule 34/1029 applied. Total new triples: 419
Rule 35/1029 applied. Total new triples: 422
Rule 36/1029 applied. Total new triples: 423
Rule 37/1029 applied. Total new triples: 430
Rule 38/1029 applied. Total new triples: 431
Rule 39/1029 applied. Total new triples: 432
Rule 40/1029 applied. Total new triples: 453
Rule 41/1029 applied. Total new triples: 458
Rule 42/1029 applied. Total new triples: 497
Rule 43/1029 applied. Total new triples: 508
Rule 44/1029 applied. Total new triples: 739
Rule 45/1029 applied. Total new triples: 740
Rule 46/1029 applied. Total new triples: 740
Rule 47/1029 applied. Total new triples: 796
Rule 48/1029 applied. Total new triples: 804
Rule 49/1029 applied. Total new triples: 807
Rule 50/1029 applied. Total new triples: 847
Rule 51/1029 applied. Total new triples: 851
Rule 52/1029 applied. Total new triples: 905
Rule 53/1029 applied. Total new triples: 908
Rule 54/1029 applied. Total new triples: 908
Rule 55/1029 applied. Total new triples: 910
Rule 56/1029 applied. Total new triples: 925
Rule 57/1029 applied. Total new triples: 926
Rule 58/1029 applied. Total new triples: 926
Rule 59/1029 applied. Total new triples: 927
Rule 60/1029 applied. Total new triples: 940
Rule 61/1029 applied. Total new triples: 954
Rule 62/1029 applied. Total new triples: 1015
Rule 63/1029 applied. Total new triples: 1015
Rule 64/1029 applied. Total new triples: 1015
Rule 65/1029 applied. Total new triples: 1015
Rule 66/1029 applied. Total new triples: 1015
Rule 67/1029 applied. Total new triples: 1019
Rule 68/1029 applied. Total new triples: 1026
Rule 69/1029 applied. Total new triples: 1032
Rule 70/1029 applied. Total new triples: 1048
Rule 71/1029 applied. Total new triples: 1050
Rule 72/1029 applied. Total new triples: 1052
Rule 73/1029 applied. Total new triples: 1067
Rule 74/1029 applied. Total new triples: 1093
Rule 75/1029 applied. Total new triples: 1121
Rule 76/1029 applied. Total new triples: 1121
Rule 77/1029 applied. Total new triples: 1122
Rule 78/1029 applied. Total new triples: 1122
Rule 79/1029 applied. Total new triples: 1122
Rule 80/1029 applied. Total new triples: 1123
Rule 81/1029 applied. Total new triples: 1127
Rule 82/1029 applied. Total new triples: 1132
Rule 83/1029 applied. Total new triples: 1141
Rule 84/1029 applied. Total new triples: 1155
Rule 85/1029 applied. Total new triples: 1193
Rule 86/1029 applied. Total new triples: 1215
Rule 87/1029 applied. Total new triples: 1369
Rule 88/1029 applied. Total new triples: 1369
Rule 89/1029 applied. Total new triples: 1371
Rule 90/1029 applied. Total new triples: 1387
Rule 91/1029 applied. Total new triples: 1390
Rule 92/1029 applied. Total new triples: 1391
Rule 93/1029 applied. Total new triples: 1391
Rule 94/1029 applied. Total new triples: 1391
Rule 95/1029 applied. Total new triples: 1396
Rule 96/1029 applied. Total new triples: 1405
Rule 97/1029 applied. Total new triples: 1405
Rule 98/1029 applied. Total new triples: 1405
Rule 99/1029 applied. Total new triples: 1405
Rule 100/1029 applied. Total new triples: 1405
Rule 101/1029 applied. Total new triples: 1405
Rule 102/1029 applied. Total new triples: 1405
Rule 103/1029 applied. Total new triples: 1405
Rule 104/1029 applied. Total new triples: 1410
Rule 105/1029 applied. Total new triples: 1410
Rule 106/1029 applied. Total new triples: 1410
Rule 107/1029 applied. Total new triples: 1412
Rule 108/1029 applied. Total new triples: 1414
Rule 109/1029 applied. Total new triples: 1416
Rule 110/1029 applied. Total new triples: 1418
Rule 111/1029 applied. Total new triples: 1418
Rule 112/1029 applied. Total new triples: 1420
Rule 113/1029 applied. Total new triples: 1420
Rule 114/1029 applied. Total new triples: 1422
Rule 115/1029 applied. Total new triples: 1474
Rule 116/1029 applied. Total new triples: 1475
Rule 117/1029 applied. Total new triples: 1479
Rule 118/1029 applied. Total new triples: 1490
Rule 119/1029 applied. Total new triples: 1509
Rule 120/1029 applied. Total new triples: 1523
Rule 121/1029 applied. Total new triples: 1539
Rule 122/1029 applied. Total new triples: 1545
Rule 123/1029 applied. Total new triples: 1551
Rule 124/1029 applied. Total new triples: 1557
Rule 125/1029 applied. Total new triples: 1627
Rule 126/1029 applied. Total new triples: 1627
Rule 127/1029 applied. Total new triples: 1628
Rule 128/1029 applied. Total new triples: 1628
Rule 129/1029 applied. Total new triples: 1628
Rule 130/1029 applied. Total new triples: 1629
Rule 131/1029 applied. Total new triples: 1630
Rule 132/1029 applied. Total new triples: 1633
Rule 133/1029 applied. Total new triples: 1633
Rule 134/1029 applied. Total new triples: 1633
Rule 135/1029 applied. Total new triples: 1634
Rule 136/1029 applied. Total new triples: 1638
Rule 137/1029 applied. Total new triples: 1847
Rule 138/1029 applied. Total new triples: 1856
Rule 139/1029 applied. Total new triples: 1879
Rule 140/1029 applied. Total new triples: 1887
Rule 141/1029 applied. Total new triples: 1900
Rule 142/1029 applied. Total new triples: 1906
Rule 143/1029 applied. Total new triples: 1912
Rule 144/1029 applied. Total new triples: 1929
Rule 145/1029 applied. Total new triples: 1930
Rule 146/1029 applied. Total new triples: 1938
Rule 147/1029 applied. Total new triples: 1942
Rule 148/1029 applied. Total new triples: 1946
Rule 149/1029 applied. Total new triples: 2064
Rule 150/1029 applied. Total new triples: 2064
Rule 151/1029 applied. Total new triples: 2065
Rule 152/1029 applied. Total new triples: 2067
Rule 153/1029 applied. Total new triples: 2068
Rule 154/1029 applied. Total new triples: 2071
Rule 155/1029 applied. Total new triples: 2071
Rule 156/1029 applied. Total new triples: 2072
Rule 157/1029 applied. Total new triples: 2072
Rule 158/1029 applied. Total new triples: 2077
Rule 159/1029 applied. Total new triples: 2095
Rule 160/1029 applied. Total new triples: 2104
Rule 161/1029 applied. Total new triples: 2106
Rule 162/1029 applied. Total new triples: 2116
Rule 163/1029 applied. Total new triples: 2123
Rule 164/1029 applied. Total new triples: 2131
Rule 165/1029 applied. Total new triples: 2154
Rule 166/1029 applied. Total new triples: 2167
Rule 167/1029 applied. Total new triples: 2167
Rule 168/1029 applied. Total new triples: 2170
Rule 169/1029 applied. Total new triples: 2188
Rule 170/1029 applied. Total new triples: 2192
Rule 171/1029 applied. Total new triples: 2192
Rule 172/1029 applied. Total new triples: 2192
Rule 173/1029 applied. Total new triples: 2192
Rule 174/1029 applied. Total new triples: 2212
Rule 175/1029 applied. Total new triples: 2293
Rule 176/1029 applied. Total new triples: 2306
Rule 177/1029 applied. Total new triples: 2335
Rule 178/1029 applied. Total new triples: 2338
Rule 179/1029 applied. Total new triples: 2341
Rule 180/1029 applied. Total new triples: 2343
Rule 181/1029 applied. Total new triples: 2343
Rule 182/1029 applied. Total new triples: 2350
Rule 183/1029 applied. Total new triples: 2353
Rule 184/1029 applied. Total new triples: 2366
Rule 185/1029 applied. Total new triples: 2390
Rule 186/1029 applied. Total new triples: 2400
Rule 187/1029 applied. Total new triples: 2431
Rule 188/1029 applied. Total new triples: 2435
Rule 189/1029 applied. Total new triples: 2439
Rule 190/1029 applied. Total new triples: 2572
Rule 191/1029 applied. Total new triples: 2572
Rule 192/1029 applied. Total new triples: 2572
Rule 193/1029 applied. Total new triples: 2676
Rule 194/1029 applied. Total new triples: 2687
Rule 195/1029 applied. Total new triples: 2716
Rule 196/1029 applied. Total new triples: 2730
Rule 197/1029 applied. Total new triples: 2732
Rule 198/1029 applied. Total new triples: 2740
Rule 199/1029 applied. Total new triples: 2744
Rule 200/1029 applied. Total new triples: 2744
Rule 201/1029 applied. Total new triples: 2748
Rule 202/1029 applied. Total new triples: 2748
Rule 203/1029 applied. Total new triples: 2762
Rule 204/1029 applied. Total new triples: 2762
Rule 205/1029 applied. Total new triples: 2776
Rule 206/1029 applied. Total new triples: 2777
Rule 207/1029 applied. Total new triples: 2777
Rule 208/1029 applied. Total new triples: 2777
Rule 209/1029 applied. Total new triples: 2785
Rule 210/1029 applied. Total new triples: 2786
Rule 211/1029 applied. Total new triples: 2787
Rule 212/1029 applied. Total new triples: 2788
Rule 213/1029 applied. Total new triples: 2788
Rule 214/1029 applied. Total new triples: 2788
Rule 215/1029 applied. Total new triples: 2794
Rule 216/1029 applied. Total new triples: 2795
Rule 217/1029 applied. Total new triples: 2795
Rule 218/1029 applied. Total new triples: 2806
Rule 219/1029 applied. Total new triples: 2807
Rule 220/1029 applied. Total new triples: 2808
Rule 221/1029 applied. Total new triples: 2817
Rule 222/1029 applied. Total new triples: 2821
Rule 223/1029 applied. Total new triples: 2883
Rule 224/1029 applied. Total new triples: 2883
Rule 225/1029 applied. Total new triples: 2883
Rule 226/1029 applied. Total new triples: 2883
Rule 227/1029 applied. Total new triples: 2902
Rule 228/1029 applied. Total new triples: 2915
Rule 229/1029 applied. Total new triples: 2917
Rule 230/1029 applied. Total new triples: 2918
Rule 231/1029 applied. Total new triples: 2932
Rule 232/1029 applied. Total new triples: 2943
Rule 233/1029 applied. Total new triples: 2948
Rule 234/1029 applied. Total new triples: 2951
Rule 235/1029 applied. Total new triples: 2956
Rule 236/1029 applied. Total new triples: 2956
Rule 237/1029 applied. Total new triples: 2956
Rule 238/1029 applied. Total new triples: 2957
Rule 239/1029 applied. Total new triples: 2959
Rule 240/1029 applied. Total new triples: 2959
Rule 241/1029 applied. Total new triples: 2959
Rule 242/1029 applied. Total new triples: 2960
Rule 243/1029 applied. Total new triples: 2962
Rule 244/1029 applied. Total new triples: 2964
Rule 245/1029 applied. Total new triples: 2968
Rule 246/1029 applied. Total new triples: 2981
Rule 247/1029 applied. Total new triples: 2992
Rule 248/1029 applied. Total new triples: 2999
Rule 249/1029 applied. Total new triples: 3003
Rule 250/1029 applied. Total new triples: 3244
Rule 251/1029 applied. Total new triples: 3244
Rule 252/1029 applied. Total new triples: 3297
Rule 253/1029 applied. Total new triples: 3347
Rule 254/1029 applied. Total new triples: 3381
Rule 255/1029 applied. Total new triples: 3388
Rule 256/1029 applied. Total new triples: 3388
Rule 257/1029 applied. Total new triples: 3437
Rule 258/1029 applied. Total new triples: 3440
Rule 259/1029 applied. Total new triples: 3447
Rule 260/1029 applied. Total new triples: 3462
Rule 261/1029 applied. Total new triples: 3465
Rule 262/1029 applied. Total new triples: 3468
Rule 263/1029 applied. Total new triples: 3475
Rule 264/1029 applied. Total new triples: 3484
Rule 265/1029 applied. Total new triples: 3488
Rule 266/1029 applied. Total new triples: 3496
Rule 267/1029 applied. Total new triples: 3513
Rule 268/1029 applied. Total new triples: 3517
Rule 269/1029 applied. Total new triples: 3518
Rule 270/1029 applied. Total new triples: 3530
Rule 271/1029 applied. Total new triples: 3533
Rule 272/1029 applied. Total new triples: 3537
Rule 273/1029 applied. Total new triples: 3541
Rule 274/1029 applied. Total new triples: 3556
Rule 275/1029 applied. Total new triples: 3565
Rule 276/1029 applied. Total new triples: 3572
Rule 277/1029 applied. Total new triples: 3663
Rule 278/1029 applied. Total new triples: 3681
Rule 279/1029 applied. Total new triples: 3689
Rule 280/1029 applied. Total new triples: 3723
Rule 281/1029 applied. Total new triples: 3727
Rule 282/1029 applied. Total new triples: 3728
Rule 283/1029 applied. Total new triples: 3728
Rule 284/1029 applied. Total new triples: 3731
Rule 285/1029 applied. Total new triples: 3746
Rule 286/1029 applied. Total new triples: 3746
Rule 287/1029 applied. Total new triples: 3746
Rule 288/1029 applied. Total new triples: 3749
Rule 289/1029 applied. Total new triples: 3752
Rule 290/1029 applied. Total new triples: 3752
Rule 291/1029 applied. Total new triples: 3752
Rule 292/1029 applied. Total new triples: 3771
Rule 293/1029 applied. Total new triples: 3771
Rule 294/1029 applied. Total new triples: 3771
Rule 295/1029 applied. Total new triples: 3771
Rule 296/1029 applied. Total new triples: 3771
Rule 297/1029 applied. Total new triples: 3771
Rule 298/1029 applied. Total new triples: 3771
Rule 299/1029 applied. Total new triples: 3802
Rule 300/1029 applied. Total new triples: 3802
Rule 301/1029 applied. Total new triples: 3804
Rule 302/1029 applied. Total new triples: 3810
Rule 303/1029 applied. Total new triples: 3812
Rule 304/1029 applied. Total new triples: 3859
Rule 305/1029 applied. Total new triples: 3959
Rule 306/1029 applied. Total new triples: 3959
Rule 307/1029 applied. Total new triples: 3981
Rule 308/1029 applied. Total new triples: 4043
Rule 309/1029 applied. Total new triples: 4043
Rule 310/1029 applied. Total new triples: 4043
Rule 311/1029 applied. Total new triples: 4044
Rule 312/1029 applied. Total new triples: 4045
Rule 313/1029 applied. Total new triples: 4045
Rule 314/1029 applied. Total new triples: 4045
Rule 315/1029 applied. Total new triples: 4046
Rule 316/1029 applied. Total new triples: 4052
Rule 317/1029 applied. Total new triples: 4052
Rule 318/1029 applied. Total new triples: 4052
Rule 319/1029 applied. Total new triples: 4052
Rule 320/1029 applied. Total new triples: 4052
Rule 321/1029 applied. Total new triples: 4053
Rule 322/1029 applied. Total new triples: 4053
Rule 323/1029 applied. Total new triples: 4054
Rule 324/1029 applied. Total new triples: 4055
Rule 325/1029 applied. Total new triples: 4056
Rule 326/1029 applied. Total new triples: 4056
Rule 327/1029 applied. Total new triples: 4057
Rule 328/1029 applied. Total new triples: 4059
Rule 329/1029 applied. Total new triples: 4059
Rule 330/1029 applied. Total new triples: 4066
Rule 331/1029 applied. Total new triples: 4067
Rule 332/1029 applied. Total new triples: 4068
Rule 333/1029 applied. Total new triples: 4069
Rule 334/1029 applied. Total new triples: 4076
Rule 335/1029 applied. Total new triples: 4092
Rule 336/1029 applied. Total new triples: 4093
Rule 337/1029 applied. Total new triples: 4094
Rule 338/1029 applied. Total new triples: 4134
Rule 339/1029 applied. Total new triples: 4141
Rule 340/1029 applied. Total new triples: 4141
Rule 341/1029 applied. Total new triples: 4204
Rule 342/1029 applied. Total new triples: 4219
Rule 343/1029 applied. Total new triples: 4226
Rule 344/1029 applied. Total new triples: 4234
Rule 345/1029 applied. Total new triples: 4275
Rule 346/1029 applied. Total new triples: 4322
Rule 347/1029 applied. Total new triples: 4324
Rule 348/1029 applied. Total new triples: 4325
Rule 349/1029 applied. Total new triples: 4326
Rule 350/1029 applied. Total new triples: 4326
Rule 351/1029 applied. Total new triples: 4326
Rule 352/1029 applied. Total new triples: 4327
Rule 353/1029 applied. Total new triples: 4328
Rule 354/1029 applied. Total new triples: 4329
Rule 355/1029 applied. Total new triples: 4331
Rule 356/1029 applied. Total new triples: 4333
Rule 357/1029 applied. Total new triples: 4334
Rule 358/1029 applied. Total new triples: 4336
Rule 359/1029 applied. Total new triples: 4336
Rule 360/1029 applied. Total new triples: 4338
Rule 361/1029 applied. Total new triples: 4340
Rule 362/1029 applied. Total new triples: 4342
Rule 363/1029 applied. Total new triples: 4359
Rule 364/1029 applied. Total new triples: 4369
Rule 365/1029 applied. Total new triples: 4386
Rule 366/1029 applied. Total new triples: 4391
Rule 367/1029 applied. Total new triples: 4394
Rule 368/1029 applied. Total new triples: 4395
Rule 369/1029 applied. Total new triples: 4396
Rule 370/1029 applied. Total new triples: 4397
Rule 371/1029 applied. Total new triples: 4399
Rule 372/1029 applied. Total new triples: 4400
Rule 373/1029 applied. Total new triples: 4400
Rule 374/1029 applied. Total new triples: 4400
Rule 375/1029 applied. Total new triples: 4424
Rule 376/1029 applied. Total new triples: 4435
Rule 377/1029 applied. Total new triples: 4438
Rule 378/1029 applied. Total new triples: 4441
Rule 379/1029 applied. Total new triples: 4450
Rule 380/1029 applied. Total new triples: 4458
Rule 381/1029 applied. Total new triples: 4464
Rule 382/1029 applied. Total new triples: 4540
Rule 383/1029 applied. Total new triples: 4557
Rule 384/1029 applied. Total new triples: 4557
Rule 385/1029 applied. Total new triples: 4559
Rule 386/1029 applied. Total new triples: 4561
Rule 387/1029 applied. Total new triples: 4561
Rule 388/1029 applied. Total new triples: 4562
Rule 389/1029 applied. Total new triples: 4564
Rule 390/1029 applied. Total new triples: 4568
Rule 391/1029 applied. Total new triples: 4572
Rule 392/1029 applied. Total new triples: 4575
Rule 393/1029 applied. Total new triples: 4575
Rule 394/1029 applied. Total new triples: 4578
Rule 395/1029 applied. Total new triples: 4601
Rule 396/1029 applied. Total new triples: 4604
Rule 397/1029 applied. Total new triples: 4608
Rule 398/1029 applied. Total new triples: 4609
Rule 399/1029 applied. Total new triples: 4610
Rule 400/1029 applied. Total new triples: 4612
Rule 401/1029 applied. Total new triples: 4615
Rule 402/1029 applied. Total new triples: 4621
Rule 403/1029 applied. Total new triples: 4627
Rule 404/1029 applied. Total new triples: 4657
Rule 405/1029 applied. Total new triples: 4701
Rule 406/1029 applied. Total new triples: 4708
Rule 407/1029 applied. Total new triples: 4708
Rule 408/1029 applied. Total new triples: 4715
Rule 409/1029 applied. Total new triples: 4717
Rule 410/1029 applied. Total new triples: 4734
Rule 411/1029 applied. Total new triples: 4739
Rule 412/1029 applied. Total new triples: 4749
Rule 413/1029 applied. Total new triples: 4760
Rule 414/1029 applied. Total new triples: 5458
Rule 415/1029 applied. Total new triples: 5458
Rule 416/1029 applied. Total new triples: 5619
Rule 417/1029 applied. Total new triples: 5631
Rule 418/1029 applied. Total new triples: 5660
Rule 419/1029 applied. Total new triples: 5675
Rule 420/1029 applied. Total new triples: 5690
Rule 421/1029 applied. Total new triples: 5718
Rule 422/1029 applied. Total new triples: 5722
Rule 423/1029 applied. Total new triples: 5908
Rule 424/1029 applied. Total new triples: 5908
Rule 425/1029 applied. Total new triples: 5916
Rule 426/1029 applied. Total new triples: 5933
Rule 427/1029 applied. Total new triples: 5948
Rule 428/1029 applied. Total new triples: 5963
Rule 429/1029 applied. Total new triples: 5981
Rule 430/1029 applied. Total new triples: 5996
Rule 431/1029 applied. Total new triples: 6011
Rule 432/1029 applied. Total new triples: 6011
Rule 433/1029 applied. Total new triples: 6012
Rule 434/1029 applied. Total new triples: 6041
Rule 435/1029 applied. Total new triples: 6227
Rule 436/1029 applied. Total new triples: 6290
Rule 437/1029 applied. Total new triples: 6322
Rule 438/1029 applied. Total new triples: 6374
Rule 439/1029 applied. Total new triples: 6387
Rule 440/1029 applied. Total new triples: 6387
Rule 441/1029 applied. Total new triples: 6387
Rule 442/1029 applied. Total new triples: 6388
Rule 443/1029 applied. Total new triples: 6389
Rule 444/1029 applied. Total new triples: 6392
Rule 445/1029 applied. Total new triples: 6394
Rule 446/1029 applied. Total new triples: 6394
Rule 447/1029 applied. Total new triples: 6401
Rule 448/1029 applied. Total new triples: 6415
Rule 449/1029 applied. Total new triples: 6418
Rule 450/1029 applied. Total new triples: 6418
Rule 451/1029 applied. Total new triples: 6421
Rule 452/1029 applied. Total new triples: 6423
Rule 453/1029 applied. Total new triples: 6423
Rule 454/1029 applied. Total new triples: 6424
Rule 455/1029 applied. Total new triples: 6424
Rule 456/1029 applied. Total new triples: 6424
Rule 457/1029 applied. Total new triples: 6425
Rule 458/1029 applied. Total new triples: 6425
Rule 459/1029 applied. Total new triples: 6438
Rule 460/1029 applied. Total new triples: 6439
Rule 461/1029 applied. Total new triples: 6452
Rule 462/1029 applied. Total new triples: 6455
Rule 463/1029 applied. Total new triples: 6457
Rule 464/1029 applied. Total new triples: 6459
Rule 465/1029 applied. Total new triples: 6460
Rule 466/1029 applied. Total new triples: 6460
Rule 467/1029 applied. Total new triples: 6460
Rule 468/1029 applied. Total new triples: 6460
Rule 469/1029 applied. Total new triples: 6460
Rule 470/1029 applied. Total new triples: 6461
Rule 471/1029 applied. Total new triples: 6463
Rule 472/1029 applied. Total new triples: 6465
Rule 473/1029 applied. Total new triples: 6465
Rule 474/1029 applied. Total new triples: 6466
Rule 475/1029 applied. Total new triples: 6470
Rule 476/1029 applied. Total new triples: 6470
Rule 477/1029 applied. Total new triples: 6479
Rule 478/1029 applied. Total new triples: 6479
Rule 479/1029 applied. Total new triples: 6479
Rule 480/1029 applied. Total new triples: 6479
Rule 481/1029 applied. Total new triples: 6479
Rule 482/1029 applied. Total new triples: 6480
Rule 483/1029 applied. Total new triples: 6481
Rule 484/1029 applied. Total new triples: 6481
Rule 485/1029 applied. Total new triples: 6484
Rule 486/1029 applied. Total new triples: 6484
Rule 487/1029 applied. Total new triples: 6487
Rule 488/1029 applied. Total new triples: 6488
Rule 489/1029 applied. Total new triples: 6490
Rule 490/1029 applied. Total new triples: 6490
Rule 491/1029 applied. Total new triples: 6491
Rule 492/1029 applied. Total new triples: 6496
Rule 493/1029 applied. Total new triples: 6497
Rule 494/1029 applied. Total new triples: 6498
Rule 495/1029 applied. Total new triples: 6498
Rule 496/1029 applied. Total new triples: 6499
Rule 497/1029 applied. Total new triples: 6522
Rule 498/1029 applied. Total new triples: 6522
Rule 499/1029 applied. Total new triples: 6529
Rule 500/1029 applied. Total new triples: 6531
Rule 501/1029 applied. Total new triples: 6531
Rule 502/1029 applied. Total new triples: 6531
Rule 503/1029 applied. Total new triples: 6533
Rule 504/1029 applied. Total new triples: 6534
Rule 505/1029 applied. Total new triples: 6535
Rule 506/1029 applied. Total new triples: 6539
Rule 507/1029 applied. Total new triples: 6541
Rule 508/1029 applied. Total new triples: 6541
Rule 509/1029 applied. Total new triples: 6541
Rule 510/1029 applied. Total new triples: 6564
Rule 511/1029 applied. Total new triples: 6564
Rule 512/1029 applied. Total new triples: 6565
Rule 513/1029 applied. Total new triples: 6568
Rule 514/1029 applied. Total new triples: 6570
Rule 515/1029 applied. Total new triples: 6570
Rule 516/1029 applied. Total new triples: 6570
Rule 517/1029 applied. Total new triples: 6572
Rule 518/1029 applied. Total new triples: 6572
Rule 519/1029 applied. Total new triples: 6572
Rule 520/1029 applied. Total new triples: 6572
Rule 521/1029 applied. Total new triples: 6573
Rule 522/1029 applied. Total new triples: 6574
Rule 523/1029 applied. Total new triples: 6587
Rule 524/1029 applied. Total new triples: 6599
Rule 525/1029 applied. Total new triples: 6602
Rule 526/1029 applied. Total new triples: 6602
Rule 527/1029 applied. Total new triples: 6602
Rule 528/1029 applied. Total new triples: 6615
Rule 529/1029 applied. Total new triples: 6619
Rule 530/1029 applied. Total new triples: 6653
Rule 531/1029 applied. Total new triples: 6655
Rule 532/1029 applied. Total new triples: 6657
Rule 533/1029 applied. Total new triples: 6659
Rule 534/1029 applied. Total new triples: 6661
Rule 535/1029 applied. Total new triples: 6690
Rule 536/1029 applied. Total new triples: 6697
Rule 537/1029 applied. Total new triples: 6703
Rule 538/1029 applied. Total new triples: 6704
Rule 539/1029 applied. Total new triples: 6704
Rule 540/1029 applied. Total new triples: 6705
Rule 541/1029 applied. Total new triples: 6705
Rule 542/1029 applied. Total new triples: 6705
Rule 543/1029 applied. Total new triples: 6706
Rule 544/1029 applied. Total new triples: 6708
Rule 545/1029 applied. Total new triples: 6715
Rule 546/1029 applied. Total new triples: 6720
Rule 547/1029 applied. Total new triples: 6723
Rule 548/1029 applied. Total new triples: 6723
Rule 549/1029 applied. Total new triples: 6749
Rule 550/1029 applied. Total new triples: 6752
Rule 551/1029 applied. Total new triples: 6757
Rule 552/1029 applied. Total new triples: 6757
Rule 553/1029 applied. Total new triples: 6758
Rule 554/1029 applied. Total new triples: 6759
Rule 555/1029 applied. Total new triples: 6762
Rule 556/1029 applied. Total new triples: 6821
Rule 557/1029 applied. Total new triples: 6881
Rule 558/1029 applied. Total new triples: 7253
Rule 559/1029 applied. Total new triples: 7254
Rule 560/1029 applied. Total new triples: 7254
Rule 561/1029 applied. Total new triples: 7287
Rule 562/1029 applied. Total new triples: 7287
Rule 563/1029 applied. Total new triples: 7287
Rule 564/1029 applied. Total new triples: 7308
Rule 565/1029 applied. Total new triples: 7340
Rule 566/1029 applied. Total new triples: 7367
Rule 567/1029 applied. Total new triples: 7369
Rule 568/1029 applied. Total new triples: 7377
Rule 569/1029 applied. Total new triples: 7399
Rule 570/1029 applied. Total new triples: 7452
Rule 571/1029 applied. Total new triples: 7534
Rule 572/1029 applied. Total new triples: 7538
Rule 573/1029 applied. Total new triples: 7561
Rule 574/1029 applied. Total new triples: 7561
Rule 575/1029 applied. Total new triples: 7568
Rule 576/1029 applied. Total new triples: 7740
Rule 577/1029 applied. Total new triples: 7762
Rule 578/1029 applied. Total new triples: 7779
Rule 579/1029 applied. Total new triples: 7793
Rule 580/1029 applied. Total new triples: 7794
Rule 581/1029 applied. Total new triples: 7794
Rule 582/1029 applied. Total new triples: 7829
Rule 583/1029 applied. Total new triples: 7931
Rule 584/1029 applied. Total new triples: 7931
Rule 585/1029 applied. Total new triples: 7931
Rule 586/1029 applied. Total new triples: 7931
Rule 587/1029 applied. Total new triples: 7963
Rule 588/1029 applied. Total new triples: 7963
Rule 589/1029 applied. Total new triples: 8008
Rule 590/1029 applied. Total new triples: 8021
Rule 591/1029 applied. Total new triples: 8029
Rule 592/1029 applied. Total new triples: 8040
Rule 593/1029 applied. Total new triples: 8054
Rule 594/1029 applied. Total new triples: 8054
Rule 595/1029 applied. Total new triples: 8060
Rule 596/1029 applied. Total new triples: 8071
Rule 597/1029 applied. Total new triples: 8120
Rule 598/1029 applied. Total new triples: 8125
Rule 599/1029 applied. Total new triples: 8228
Rule 600/1029 applied. Total new triples: 8228
Rule 601/1029 applied. Total new triples: 8228
Rule 602/1029 applied. Total new triples: 8264
Rule 603/1029 applied. Total new triples: 8289
Rule 604/1029 applied. Total new triples: 8401
Rule 605/1029 applied. Total new triples: 8415
Rule 606/1029 applied. Total new triples: 8449
Rule 607/1029 applied. Total new triples: 8476
Rule 608/1029 applied. Total new triples: 8485
Rule 609/1029 applied. Total new triples: 8489
Rule 610/1029 applied. Total new triples: 8498
Rule 611/1029 applied. Total new triples: 8506
Rule 612/1029 applied. Total new triples: 8506
Rule 613/1029 applied. Total new triples: 8554
Rule 614/1029 applied. Total new triples: 8554
Rule 615/1029 applied. Total new triples: 8583
Rule 616/1029 applied. Total new triples: 8587
Rule 617/1029 applied. Total new triples: 8595
Rule 618/1029 applied. Total new triples: 8603
Rule 619/1029 applied. Total new triples: 8615
Rule 620/1029 applied. Total new triples: 8649
Rule 621/1029 applied. Total new triples: 8649
Rule 622/1029 applied. Total new triples: 8656
Rule 623/1029 applied. Total new triples: 8659
Rule 624/1029 applied. Total new triples: 8662
Rule 625/1029 applied. Total new triples: 8663
Rule 626/1029 applied. Total new triples: 8670
Rule 627/1029 applied. Total new triples: 8674
Rule 628/1029 applied. Total new triples: 8681
Rule 629/1029 applied. Total new triples: 8681
Rule 630/1029 applied. Total new triples: 8733
Rule 631/1029 applied. Total new triples: 8802
Rule 632/1029 applied. Total new triples: 8802
Rule 633/1029 applied. Total new triples: 8802
Rule 634/1029 applied. Total new triples: 8802
Rule 635/1029 applied. Total new triples: 8802
Rule 636/1029 applied. Total new triples: 8805
Rule 637/1029 applied. Total new triples: 8808
Rule 638/1029 applied. Total new triples: 8812
Rule 639/1029 applied. Total new triples: 8818
Rule 640/1029 applied. Total new triples: 8846
Rule 641/1029 applied. Total new triples: 8846
Rule 642/1029 applied. Total new triples: 8846
Rule 643/1029 applied. Total new triples: 8847
Rule 644/1029 applied. Total new triples: 8848
Rule 645/1029 applied. Total new triples: 8849
Rule 646/1029 applied. Total new triples: 8860
Rule 647/1029 applied. Total new triples: 8861
Rule 648/1029 applied. Total new triples: 8861
Rule 649/1029 applied. Total new triples: 8865
Rule 650/1029 applied. Total new triples: 8880
Rule 651/1029 applied. Total new triples: 8894
Rule 652/1029 applied. Total new triples: 8925
Rule 653/1029 applied. Total new triples: 8925
Rule 654/1029 applied. Total new triples: 8939
Rule 655/1029 applied. Total new triples: 9303
Rule 656/1029 applied. Total new triples: 9303
Rule 657/1029 applied. Total new triples: 9307
Rule 658/1029 applied. Total new triples: 9307
Rule 659/1029 applied. Total new triples: 9308
Rule 660/1029 applied. Total new triples: 9310
Rule 661/1029 applied. Total new triples: 9313
Rule 662/1029 applied. Total new triples: 9317
Rule 663/1029 applied. Total new triples: 9319
Rule 664/1029 applied. Total new triples: 9319
Rule 665/1029 applied. Total new triples: 9322
Rule 666/1029 applied. Total new triples: 9322
Rule 667/1029 applied. Total new triples: 9322
Rule 668/1029 applied. Total new triples: 9323
Rule 669/1029 applied. Total new triples: 9323
Rule 670/1029 applied. Total new triples: 9327
Rule 671/1029 applied. Total new triples: 9344
Rule 672/1029 applied. Total new triples: 9347
Rule 673/1029 applied. Total new triples: 9350
Rule 674/1029 applied. Total new triples: 9351
Rule 675/1029 applied. Total new triples: 9351
Rule 676/1029 applied. Total new triples: 9376
Rule 677/1029 applied. Total new triples: 9386
Rule 678/1029 applied. Total new triples: 9386
Rule 679/1029 applied. Total new triples: 9386
Rule 680/1029 applied. Total new triples: 9386
Rule 681/1029 applied. Total new triples: 9386
Rule 682/1029 applied. Total new triples: 9387
Rule 683/1029 applied. Total new triples: 9387
Rule 684/1029 applied. Total new triples: 9390
Rule 685/1029 applied. Total new triples: 9399
Rule 686/1029 applied. Total new triples: 9402
Rule 687/1029 applied. Total new triples: 9403
Rule 688/1029 applied. Total new triples: 9403
Rule 689/1029 applied. Total new triples: 9405
Rule 690/1029 applied. Total new triples: 9407
Rule 691/1029 applied. Total new triples: 9409
Rule 692/1029 applied. Total new triples: 9417
Rule 693/1029 applied. Total new triples: 9417
Rule 694/1029 applied. Total new triples: 9417
Rule 695/1029 applied. Total new triples: 9420
Rule 696/1029 applied. Total new triples: 9420
Rule 697/1029 applied. Total new triples: 9431
Rule 698/1029 applied. Total new triples: 9434
Rule 699/1029 applied. Total new triples: 9437
Rule 700/1029 applied. Total new triples: 9448
Rule 701/1029 applied. Total new triples: 9450
Rule 702/1029 applied. Total new triples: 9453
Rule 703/1029 applied. Total new triples: 9455
Rule 704/1029 applied. Total new triples: 9458
Rule 705/1029 applied. Total new triples: 9460
Rule 706/1029 applied. Total new triples: 9471
Rule 707/1029 applied. Total new triples: 9599
Rule 708/1029 applied. Total new triples: 9599
Rule 709/1029 applied. Total new triples: 9599
Rule 710/1029 applied. Total new triples: 9599
Rule 711/1029 applied. Total new triples: 9609
Rule 712/1029 applied. Total new triples: 9619
Rule 713/1029 applied. Total new triples: 9666
Rule 714/1029 applied. Total new triples: 9666
Rule 715/1029 applied. Total new triples: 9696
Rule 716/1029 applied. Total new triples: 9720
Rule 717/1029 applied. Total new triples: 9768
Rule 718/1029 applied. Total new triples: 9770
Rule 719/1029 applied. Total new triples: 9776
Rule 720/1029 applied. Total new triples: 9776
Rule 721/1029 applied. Total new triples: 9776
Rule 722/1029 applied. Total new triples: 9777
Rule 723/1029 applied. Total new triples: 9779
Rule 724/1029 applied. Total new triples: 9781
Rule 725/1029 applied. Total new triples: 9820
Rule 726/1029 applied. Total new triples: 9820
Rule 727/1029 applied. Total new triples: 9820
Rule 728/1029 applied. Total new triples: 9821
Rule 729/1029 applied. Total new triples: 9821
Rule 730/1029 applied. Total new triples: 9824
Rule 731/1029 applied. Total new triples: 9824
Rule 732/1029 applied. Total new triples: 9826
Rule 733/1029 applied. Total new triples: 9828
Rule 734/1029 applied. Total new triples: 9830
Rule 735/1029 applied. Total new triples: 9832
Rule 736/1029 applied. Total new triples: 9834
Rule 737/1029 applied. Total new triples: 9839
Rule 738/1029 applied. Total new triples: 9841
Rule 739/1029 applied. Total new triples: 9843
Rule 740/1029 applied. Total new triples: 9845
Rule 741/1029 applied. Total new triples: 9847
Rule 742/1029 applied. Total new triples: 9852
Rule 743/1029 applied. Total new triples: 9854
Rule 744/1029 applied. Total new triples: 9856
Rule 745/1029 applied. Total new triples: 9858
Rule 746/1029 applied. Total new triples: 10002
Rule 747/1029 applied. Total new triples: 10002
Rule 748/1029 applied. Total new triples: 10013
Rule 749/1029 applied. Total new triples: 10014
Rule 750/1029 applied. Total new triples: 10014
Rule 751/1029 applied. Total new triples: 10023
Rule 752/1029 applied. Total new triples: 10030
Rule 753/1029 applied. Total new triples: 10033
Rule 754/1029 applied. Total new triples: 10033
Rule 755/1029 applied. Total new triples: 10038
Rule 756/1029 applied. Total new triples: 10046
Rule 757/1029 applied. Total new triples: 10054
Rule 758/1029 applied. Total new triples: 10062
Rule 759/1029 applied. Total new triples: 10101
Rule 760/1029 applied. Total new triples: 10101
Rule 761/1029 applied. Total new triples: 10218
Rule 762/1029 applied. Total new triples: 10218
Rule 763/1029 applied. Total new triples: 10218
Rule 764/1029 applied. Total new triples: 25719
Rule 765/1029 applied. Total new triples: 25727
Rule 766/1029 applied. Total new triples: 25762
Rule 767/1029 applied. Total new triples: 25776
Rule 768/1029 applied. Total new triples: 25784
Rule 769/1029 applied. Total new triples: 25784
Rule 770/1029 applied. Total new triples: 25784
Rule 771/1029 applied. Total new triples: 25784
Rule 772/1029 applied. Total new triples: 25784
Rule 773/1029 applied. Total new triples: 36137
Rule 774/1029 applied. Total new triples: 36159
Rule 775/1029 applied. Total new triples: 36191
Rule 776/1029 applied. Total new triples: 36191
Rule 777/1029 applied. Total new triples: 36191
Rule 778/1029 applied. Total new triples: 36191
Rule 779/1029 applied. Total new triples: 36191
Rule 780/1029 applied. Total new triples: 36198
Rule 781/1029 applied. Total new triples: 36202
Rule 782/1029 applied. Total new triples: 36202
Rule 783/1029 applied. Total new triples: 36252
Rule 784/1029 applied. Total new triples: 36255
Rule 785/1029 applied. Total new triples: 36255
Rule 786/1029 applied. Total new triples: 36255
Rule 787/1029 applied. Total new triples: 36256
Rule 788/1029 applied. Total new triples: 36256
Rule 789/1029 applied. Total new triples: 36257
Rule 790/1029 applied. Total new triples: 36258
Rule 791/1029 applied. Total new triples: 36271
Rule 792/1029 applied. Total new triples: 36272
Rule 793/1029 applied. Total new triples: 36288
Rule 794/1029 applied. Total new triples: 36289
Rule 795/1029 applied. Total new triples: 36290
Rule 796/1029 applied. Total new triples: 36399
Rule 797/1029 applied. Total new triples: 36453
Rule 798/1029 applied. Total new triples: 36510
Rule 799/1029 applied. Total new triples: 36787
Rule 800/1029 applied. Total new triples: 36787
Rule 801/1029 applied. Total new triples: 36787
Rule 802/1029 applied. Total new triples: 36808
Rule 803/1029 applied. Total new triples: 36815
Rule 804/1029 applied. Total new triples: 36839
Rule 805/1029 applied. Total new triples: 36845
Rule 806/1029 applied. Total new triples: 36848
Rule 807/1029 applied. Total new triples: 36861
Rule 808/1029 applied. Total new triples: 36865
Rule 809/1029 applied. Total new triples: 36886
Rule 810/1029 applied. Total new triples: 36890
Rule 811/1029 applied. Total new triples: 36896
Rule 812/1029 applied. Total new triples: 36896
Rule 813/1029 applied. Total new triples: 36896
Rule 814/1029 applied. Total new triples: 36898
Rule 815/1029 applied. Total new triples: 36903
Rule 816/1029 applied. Total new triples: 36920
Rule 817/1029 applied. Total new triples: 36920
Rule 818/1029 applied. Total new triples: 36951
Rule 819/1029 applied. Total new triples: 36960
Rule 820/1029 applied. Total new triples: 36960
Rule 821/1029 applied. Total new triples: 36993
Rule 822/1029 applied. Total new triples: 37008
Rule 823/1029 applied. Total new triples: 37047
Rule 824/1029 applied. Total new triples: 37080
Rule 825/1029 applied. Total new triples: 37139
Rule 826/1029 applied. Total new triples: 37146
Rule 827/1029 applied. Total new triples: 37147
Rule 828/1029 applied. Total new triples: 37151
Rule 829/1029 applied. Total new triples: 37151
Rule 830/1029 applied. Total new triples: 37152
Rule 831/1029 applied. Total new triples: 37153
Rule 832/1029 applied. Total new triples: 37153
Rule 833/1029 applied. Total new triples: 37155
Rule 834/1029 applied. Total new triples: 37157
Rule 835/1029 applied. Total new triples: 37162
Rule 836/1029 applied. Total new triples: 37162
Rule 837/1029 applied. Total new triples: 37162
Rule 838/1029 applied. Total new triples: 37167
Rule 839/1029 applied. Total new triples: 37196
Rule 840/1029 applied. Total new triples: 37198
Rule 841/1029 applied. Total new triples: 37198
Rule 842/1029 applied. Total new triples: 37198
Rule 843/1029 applied. Total new triples: 37198
Rule 844/1029 applied. Total new triples: 37198
Rule 845/1029 applied. Total new triples: 37198
Rule 846/1029 applied. Total new triples: 37198
Rule 847/1029 applied. Total new triples: 37198
Rule 848/1029 applied. Total new triples: 37200
Rule 849/1029 applied. Total new triples: 37200
Rule 850/1029 applied. Total new triples: 37200
Rule 851/1029 applied. Total new triples: 37202
Rule 852/1029 applied. Total new triples: 37202
Rule 853/1029 applied. Total new triples: 37202
Rule 854/1029 applied. Total new triples: 37202
Rule 855/1029 applied. Total new triples: 37202
Rule 856/1029 applied. Total new triples: 37206
Rule 857/1029 applied. Total new triples: 37206
Rule 858/1029 applied. Total new triples: 37212
Rule 859/1029 applied. Total new triples: 37212
Rule 860/1029 applied. Total new triples: 37212
Rule 861/1029 applied. Total new triples: 37252
Rule 862/1029 applied. Total new triples: 37276
Rule 863/1029 applied. Total new triples: 37276
Rule 864/1029 applied. Total new triples: 37277
Rule 865/1029 applied. Total new triples: 37316
Rule 866/1029 applied. Total new triples: 37316
Rule 867/1029 applied. Total new triples: 37316
Rule 868/1029 applied. Total new triples: 37361
Rule 869/1029 applied. Total new triples: 37386
Rule 870/1029 applied. Total new triples: 37386
Rule 871/1029 applied. Total new triples: 37403
Rule 872/1029 applied. Total new triples: 37441
Rule 873/1029 applied. Total new triples: 37441
Rule 874/1029 applied. Total new triples: 37460
Rule 875/1029 applied. Total new triples: 37478
Rule 876/1029 applied. Total new triples: 37533
Rule 877/1029 applied. Total new triples: 37533
Rule 878/1029 applied. Total new triples: 37542
Rule 879/1029 applied. Total new triples: 37542
Rule 880/1029 applied. Total new triples: 37545
Rule 881/1029 applied. Total new triples: 37551
Rule 882/1029 applied. Total new triples: 37597
Rule 883/1029 applied. Total new triples: 37615
Rule 884/1029 applied. Total new triples: 37649
Rule 885/1029 applied. Total new triples: 37875
Rule 886/1029 applied. Total new triples: 37882
Rule 887/1029 applied. Total new triples: 37919
Rule 888/1029 applied. Total new triples: 37919
Rule 889/1029 applied. Total new triples: 37939
Rule 890/1029 applied. Total new triples: 37941
Rule 891/1029 applied. Total new triples: 37941
Rule 892/1029 applied. Total new triples: 37945
Rule 893/1029 applied. Total new triples: 37948
Rule 894/1029 applied. Total new triples: 37951
Rule 895/1029 applied. Total new triples: 37955
Rule 896/1029 applied. Total new triples: 37958
Rule 897/1029 applied. Total new triples: 37960
Rule 898/1029 applied. Total new triples: 37964
Rule 899/1029 applied. Total new triples: 37975
Rule 900/1029 applied. Total new triples: 37978
Rule 901/1029 applied. Total new triples: 37979
Rule 902/1029 applied. Total new triples: 37983
Rule 903/1029 applied. Total new triples: 37987
Rule 904/1029 applied. Total new triples: 37988
Rule 905/1029 applied. Total new triples: 37988
Rule 906/1029 applied. Total new triples: 37992
Rule 907/1029 applied. Total new triples: 37996
Rule 908/1029 applied. Total new triples: 38009
Rule 909/1029 applied. Total new triples: 38012
Rule 910/1029 applied. Total new triples: 38012
Rule 911/1029 applied. Total new triples: 38014
Rule 912/1029 applied. Total new triples: 38036
Rule 913/1029 applied. Total new triples: 38062
Rule 914/1029 applied. Total new triples: 38141
Rule 915/1029 applied. Total new triples: 38212
Rule 916/1029 applied. Total new triples: 38230
Rule 917/1029 applied. Total new triples: 38244
Rule 918/1029 applied. Total new triples: 38244
Rule 919/1029 applied. Total new triples: 38247
Rule 920/1029 applied. Total new triples: 38248
Rule 921/1029 applied. Total new triples: 38255
Rule 922/1029 applied. Total new triples: 38260
Rule 923/1029 applied. Total new triples: 38268
Rule 924/1029 applied. Total new triples: 38274
Rule 925/1029 applied. Total new triples: 38276
Rule 926/1029 applied. Total new triples: 38284
Rule 927/1029 applied. Total new triples: 38292
Rule 928/1029 applied. Total new triples: 38294
Rule 929/1029 applied. Total new triples: 38305
Rule 930/1029 applied. Total new triples: 38305
Rule 931/1029 applied. Total new triples: 38311
Rule 932/1029 applied. Total new triples: 38315
Rule 933/1029 applied. Total new triples: 38327
Rule 934/1029 applied. Total new triples: 38459
Rule 935/1029 applied. Total new triples: 38465
Rule 936/1029 applied. Total new triples: 38495
Rule 937/1029 applied. Total new triples: 38515
Rule 938/1029 applied. Total new triples: 38535
Rule 939/1029 applied. Total new triples: 38580
Rule 940/1029 applied. Total new triples: 38605
Rule 941/1029 applied. Total new triples: 38737
Rule 942/1029 applied. Total new triples: 38737
Rule 943/1029 applied. Total new triples: 38737
Rule 944/1029 applied. Total new triples: 38769
Rule 945/1029 applied. Total new triples: 38769
Rule 946/1029 applied. Total new triples: 38771
Rule 947/1029 applied. Total new triples: 38781
Rule 948/1029 applied. Total new triples: 38784
Rule 949/1029 applied. Total new triples: 38787
Rule 950/1029 applied. Total new triples: 38789
Rule 951/1029 applied. Total new triples: 38789
Rule 952/1029 applied. Total new triples: 38789
Rule 953/1029 applied. Total new triples: 38792
Rule 954/1029 applied. Total new triples: 38793
Rule 955/1029 applied. Total new triples: 38828
Rule 956/1029 applied. Total new triples: 38830
Rule 957/1029 applied. Total new triples: 38832
Rule 958/1029 applied. Total new triples: 38843
Rule 959/1029 applied. Total new triples: 38853
Rule 960/1029 applied. Total new triples: 38856
Rule 961/1029 applied. Total new triples: 38856
Rule 962/1029 applied. Total new triples: 38862
Rule 963/1029 applied. Total new triples: 38863
Rule 964/1029 applied. Total new triples: 38863
Rule 965/1029 applied. Total new triples: 38864
Rule 966/1029 applied. Total new triples: 38871
Rule 967/1029 applied. Total new triples: 38873
Rule 968/1029 applied. Total new triples: 38875
Rule 969/1029 applied. Total new triples: 38890
Rule 970/1029 applied. Total new triples: 38898
Rule 971/1029 applied. Total new triples: 38901
Rule 972/1029 applied. Total new triples: 38902
Rule 973/1029 applied. Total new triples: 38902
Rule 974/1029 applied. Total new triples: 38905
Rule 975/1029 applied. Total new triples: 38905
Rule 976/1029 applied. Total new triples: 38907
Rule 977/1029 applied. Total new triples: 38907
Rule 978/1029 applied. Total new triples: 38908
Rule 979/1029 applied. Total new triples: 38909
Rule 980/1029 applied. Total new triples: 38913
Rule 981/1029 applied. Total new triples: 38916
Rule 982/1029 applied. Total new triples: 38919
Rule 983/1029 applied. Total new triples: 38922
Rule 984/1029 applied. Total new triples: 38922
Rule 985/1029 applied. Total new triples: 38925
Rule 986/1029 applied. Total new triples: 38981
Rule 987/1029 applied. Total new triples: 38982
Rule 988/1029 applied. Total new triples: 38982
Rule 989/1029 applied. Total new triples: 38985
Rule 990/1029 applied. Total new triples: 38988
Rule 991/1029 applied. Total new triples: 38989
Rule 992/1029 applied. Total new triples: 38997
Rule 993/1029 applied. Total new triples: 39046
Rule 994/1029 applied. Total new triples: 39137
Rule 995/1029 applied. Total new triples: 39137
Rule 996/1029 applied. Total new triples: 39240
Rule 997/1029 applied. Total new triples: 39292
Rule 998/1029 applied. Total new triples: 39294
Rule 999/1029 applied. Total new triples: 39300
Rule 1000/1029 applied. Total new triples: 39314
Rule 1001/1029 applied. Total new triples: 39314
Rule 1002/1029 applied. Total new triples: 39314
Rule 1003/1029 applied. Total new triples: 40222
Rule 1004/1029 applied. Total new triples: 40222
Rule 1005/1029 applied. Total new triples: 40222
Rule 1006/1029 applied. Total new triples: 40222
Rule 1007/1029 applied. Total new triples: 40242
Rule 1008/1029 applied. Total new triples: 40242
Rule 1009/1029 applied. Total new triples: 40251
Rule 1010/1029 applied. Total new triples: 40251
Rule 1011/1029 applied. Total new triples: 40256
Rule 1012/1029 applied. Total new triples: 40379
Rule 1013/1029 applied. Total new triples: 40388
Rule 1014/1029 applied. Total new triples: 40388
Rule 1015/1029 applied. Total new triples: 40394
Rule 1016/1029 applied. Total new triples: 40399
Rule 1017/1029 applied. Total new triples: 40399
Rule 1018/1029 applied. Total new triples: 40401
Rule 1019/1029 applied. Total new triples: 40401
Rule 1020/1029 applied. Total new triples: 40402
Rule 1021/1029 applied. Total new triples: 40402
Rule 1022/1029 applied. Total new triples: 40406
Rule 1023/1029 applied. Total new triples: 40412
Rule 1024/1029 applied. Total new triples: 40418
Rule 1025/1029 applied. Total new triples: 40421
Rule 1026/1029 applied. Total new triples: 40428
Rule 1027/1029 applied. Total new triples: 40434
Rule 1028/1029 applied. Total new triples: 40469
Rule 1029/1029 applied. Total new triples: 40492
Materialization complete. Writing to file...
--- Rule materialization breakdown ---
  Rules processed:                       1029
  Fully materialized (no exceptions):    1029 (of which 0 produced no predictions: lack of groundings)
  Partial (some exceptions, had preds):  0
  Skipped (exceptions, no predictions):  0
  Rules that added new triples:          756
Total elapsed time for materialization: 189159 ms (189.16 seconds)
Successfully wrote 40492 triples to yago_flip_experiment/predictions_ifp/materialization/20260825_105139//YAGO4.5-10-flipIFP_anyburl_FULL_standard_5_rules_20260825_105139.nt

--- Condition: Semantic | Target: Top 5% Rules ---
--- Mode: TOP N% RULES BY CONFIDENCE ---
Total rules available: 20562. Using top 5.0% (1029 rules).
Rule 1/1029 applied. Total new triples: 16
Rule 2/1029 applied. Total new triples: 16
Rule 3/1029 applied. Total new triples: 26
Rule 4/1029 applied. Total new triples: 26
Rule 5/1029 applied. Total new triples: 26
Rule 6/1029 applied. Total new triples: 32
Rule 7/1029 applied. Total new triples: 39
Rule 8/1029 applied. Total new triples: 43
Rule 9/1029 applied. Total new triples: 43
Rule 10/1029 applied. Total new triples: 44
Rule 11/1029 applied. Total new triples: 44
Rule 12/1029 applied. Total new triples: 45
Rule 13/1029 applied. Total new triples: 53
Rule 14/1029 applied. Total new triples: 59
Rule 15/1029 applied. Total new triples: 59
Rule 16/1029 applied. Total new triples: 59
Rule 17/1029 applied. Total new triples: 65
Rule 18/1029 applied. Total new triples: 68
Rule 19/1029 applied. Total new triples: 69
Rule 20/1029 applied. Total new triples: 77
Rule 21/1029 applied. Total new triples: 77
Rule 22/1029 applied. Total new triples: 77
Rule 23/1029 applied. Total new triples: 81
Rule 24/1029 applied. Total new triples: 83
Rule 25/1029 applied. Total new triples: 83
Rule 26/1029 applied. Total new triples: 83
Rule 27/1029 applied. Total new triples: 83
Rule 28/1029 applied. Total new triples: 114
Rule 29/1029 applied. Total new triples: 116
Rule 30/1029 applied. Total new triples: 116
Rule 31/1029 applied. Total new triples: 118
Rule 32/1029 applied. Total new triples: 118
Rule 33/1029 applied. Total new triples: 119
Rule 34/1029 applied. Total new triples: 119
Rule 35/1029 applied. Total new triples: 119
Rule 36/1029 applied. Total new triples: 119
Rule 37/1029 applied. Total new triples: 120
Rule 38/1029 applied. Total new triples: 121
Rule 39/1029 applied. Total new triples: 121
Rule 40/1029 applied. Total new triples: 125
Rule 41/1029 applied. Total new triples: 125
Rule 42/1029 applied. Total new triples: 140
Rule 43/1029 applied. Total new triples: 141
Rule 44/1029 applied. Total new triples: 168
Rule 45/1029 applied. Total new triples: 168
Rule 46/1029 applied. Total new triples: 168
Rule 47/1029 applied. Total new triples: 171
Rule 48/1029 applied. Total new triples: 171
Rule 49/1029 applied. Total new triples: 171
Rule 50/1029 applied. Total new triples: 189
Rule 51/1029 applied. Total new triples: 190
Rule 52/1029 applied. Total new triples: 222
Rule 53/1029 applied. Total new triples: 222
Rule 54/1029 applied. Total new triples: 222
Rule 55/1029 applied. Total new triples: 224
Rule 56/1029 applied. Total new triples: 234
Rule 57/1029 applied. Total new triples: 235
Rule 58/1029 applied. Total new triples: 235
Rule 59/1029 applied. Total new triples: 235
Rule 60/1029 applied. Total new triples: 236
Rule 61/1029 applied. Total new triples: 246
Rule 62/1029 applied. Total new triples: 292
Rule 63/1029 applied. Total new triples: 292
Rule 64/1029 applied. Total new triples: 292
Rule 65/1029 applied. Total new triples: 292
Rule 66/1029 applied. Total new triples: 292
Rule 67/1029 applied. Total new triples: 292
Rule 68/1029 applied. Total new triples: 299
Rule 69/1029 applied. Total new triples: 301
Rule 70/1029 applied. Total new triples: 307
Rule 71/1029 applied. Total new triples: 308
Rule 72/1029 applied. Total new triples: 308
Rule 73/1029 applied. Total new triples: 315
Rule 74/1029 applied. Total new triples: 316
Rule 75/1029 applied. Total new triples: 326
Rule 76/1029 applied. Total new triples: 326
Rule 77/1029 applied. Total new triples: 326
Rule 78/1029 applied. Total new triples: 326
Rule 79/1029 applied. Total new triples: 326
Rule 80/1029 applied. Total new triples: 326
Rule 81/1029 applied. Total new triples: 327
Rule 82/1029 applied. Total new triples: 327
Rule 83/1029 applied. Total new triples: 332
Rule 84/1029 applied. Total new triples: 332
Rule 85/1029 applied. Total new triples: 334
Rule 86/1029 applied. Total new triples: 343
Rule 87/1029 applied. Total new triples: 414
Rule 88/1029 applied. Total new triples: 414
Rule 89/1029 applied. Total new triples: 416
Rule 90/1029 applied. Total new triples: 419
Rule 91/1029 applied. Total new triples: 419
Rule 92/1029 applied. Total new triples: 420
Rule 93/1029 applied. Total new triples: 420
Rule 94/1029 applied. Total new triples: 420
Rule 95/1029 applied. Total new triples: 424
Rule 96/1029 applied. Total new triples: 424
Rule 97/1029 applied. Total new triples: 424
Rule 98/1029 applied. Total new triples: 424
Rule 99/1029 applied. Total new triples: 424
Rule 100/1029 applied. Total new triples: 424
Rule 101/1029 applied. Total new triples: 424
Rule 102/1029 applied. Total new triples: 424
Rule 103/1029 applied. Total new triples: 424
Rule 104/1029 applied. Total new triples: 425
Rule 105/1029 applied. Total new triples: 425
Rule 106/1029 applied. Total new triples: 425
Rule 107/1029 applied. Total new triples: 426
Rule 108/1029 applied. Total new triples: 427
Rule 109/1029 applied. Total new triples: 427
Rule 110/1029 applied. Total new triples: 428
Rule 111/1029 applied. Total new triples: 428
Rule 112/1029 applied. Total new triples: 428
Rule 113/1029 applied. Total new triples: 428
Rule 114/1029 applied. Total new triples: 429
Rule 115/1029 applied. Total new triples: 451
Rule 116/1029 applied. Total new triples: 451
Rule 117/1029 applied. Total new triples: 452
Rule 118/1029 applied. Total new triples: 453
Rule 119/1029 applied. Total new triples: 457
Rule 120/1029 applied. Total new triples: 466
Rule 121/1029 applied. Total new triples: 473
Rule 122/1029 applied. Total new triples: 473
Rule 123/1029 applied. Total new triples: 473
Rule 124/1029 applied. Total new triples: 475
Rule 125/1029 applied. Total new triples: 491
Rule 126/1029 applied. Total new triples: 491
Rule 127/1029 applied. Total new triples: 491
Rule 128/1029 applied. Total new triples: 491
Rule 129/1029 applied. Total new triples: 491
Rule 130/1029 applied. Total new triples: 492
Rule 131/1029 applied. Total new triples: 493
Rule 132/1029 applied. Total new triples: 493
Rule 133/1029 applied. Total new triples: 493
Rule 134/1029 applied. Total new triples: 493
Rule 135/1029 applied. Total new triples: 494
Rule 136/1029 applied. Total new triples: 494
Rule 137/1029 applied. Total new triples: 513
Rule 138/1029 applied. Total new triples: 513
Rule 139/1029 applied. Total new triples: 514
Rule 140/1029 applied. Total new triples: 514
Rule 141/1029 applied. Total new triples: 516
Rule 142/1029 applied. Total new triples: 516
Rule 143/1029 applied. Total new triples: 516
Rule 144/1029 applied. Total new triples: 523
Rule 145/1029 applied. Total new triples: 524
Rule 146/1029 applied. Total new triples: 527
Rule 147/1029 applied. Total new triples: 531
Rule 148/1029 applied. Total new triples: 531
Rule 149/1029 applied. Total new triples: 540
Rule 150/1029 applied. Total new triples: 540
Rule 151/1029 applied. Total new triples: 540
Rule 152/1029 applied. Total new triples: 540
Rule 153/1029 applied. Total new triples: 540
Rule 154/1029 applied. Total new triples: 541
Rule 155/1029 applied. Total new triples: 541
Rule 156/1029 applied. Total new triples: 541
Rule 157/1029 applied. Total new triples: 541
Rule 158/1029 applied. Total new triples: 542
Rule 159/1029 applied. Total new triples: 542
Rule 160/1029 applied. Total new triples: 543
Rule 161/1029 applied. Total new triples: 544
Rule 162/1029 applied. Total new triples: 544
Rule 163/1029 applied. Total new triples: 545
Rule 164/1029 applied. Total new triples: 545
Rule 165/1029 applied. Total new triples: 547
Rule 166/1029 applied. Total new triples: 548
Rule 167/1029 applied. Total new triples: 548
Rule 168/1029 applied. Total new triples: 549
Rule 169/1029 applied. Total new triples: 557
Rule 170/1029 applied. Total new triples: 558
Rule 171/1029 applied. Total new triples: 558
Rule 172/1029 applied. Total new triples: 558
Rule 173/1029 applied. Total new triples: 558
Rule 174/1029 applied. Total new triples: 559
Rule 175/1029 applied. Total new triples: 596
Rule 176/1029 applied. Total new triples: 600
Rule 177/1029 applied. Total new triples: 625
Rule 178/1029 applied. Total new triples: 628
Rule 179/1029 applied. Total new triples: 628
Rule 180/1029 applied. Total new triples: 628
Rule 181/1029 applied. Total new triples: 628
Rule 182/1029 applied. Total new triples: 634
Rule 183/1029 applied. Total new triples: 635
Rule 184/1029 applied. Total new triples: 639
Rule 185/1029 applied. Total new triples: 639
Rule 186/1029 applied. Total new triples: 639
Rule 187/1029 applied. Total new triples: 655
Rule 188/1029 applied. Total new triples: 655
Rule 189/1029 applied. Total new triples: 659
Rule 190/1029 applied. Total new triples: 692
Rule 191/1029 applied. Total new triples: 692
Rule 192/1029 applied. Total new triples: 692
Rule 193/1029 applied. Total new triples: 752
Rule 194/1029 applied. Total new triples: 753
Rule 195/1029 applied. Total new triples: 760
Rule 196/1029 applied. Total new triples: 760
Rule 197/1029 applied. Total new triples: 760
Rule 198/1029 applied. Total new triples: 764
Rule 199/1029 applied. Total new triples: 766
Rule 200/1029 applied. Total new triples: 766
Rule 201/1029 applied. Total new triples: 769
Rule 202/1029 applied. Total new triples: 769
Rule 203/1029 applied. Total new triples: 777
Rule 204/1029 applied. Total new triples: 777
Rule 205/1029 applied. Total new triples: 785
Rule 206/1029 applied. Total new triples: 785
Rule 207/1029 applied. Total new triples: 785
Rule 208/1029 applied. Total new triples: 785
Rule 209/1029 applied. Total new triples: 789
Rule 210/1029 applied. Total new triples: 789
Rule 211/1029 applied. Total new triples: 789
Rule 212/1029 applied. Total new triples: 789
Rule 213/1029 applied. Total new triples: 789
Rule 214/1029 applied. Total new triples: 789
Rule 215/1029 applied. Total new triples: 794
Rule 216/1029 applied. Total new triples: 795
Rule 217/1029 applied. Total new triples: 795
Rule 218/1029 applied. Total new triples: 804
Rule 219/1029 applied. Total new triples: 804
Rule 220/1029 applied. Total new triples: 804
Rule 221/1029 applied. Total new triples: 812
Rule 222/1029 applied. Total new triples: 813
Rule 223/1029 applied. Total new triples: 827
Rule 224/1029 applied. Total new triples: 827
Rule 225/1029 applied. Total new triples: 827
Rule 226/1029 applied. Total new triples: 827
Rule 227/1029 applied. Total new triples: 830
Rule 228/1029 applied. Total new triples: 831
Rule 229/1029 applied. Total new triples: 831
Rule 230/1029 applied. Total new triples: 831
Rule 231/1029 applied. Total new triples: 838
Rule 232/1029 applied. Total new triples: 841
Rule 233/1029 applied. Total new triples: 843
Rule 234/1029 applied. Total new triples: 843
Rule 235/1029 applied. Total new triples: 844
Rule 236/1029 applied. Total new triples: 844
Rule 237/1029 applied. Total new triples: 844
Rule 238/1029 applied. Total new triples: 844
Rule 239/1029 applied. Total new triples: 844
Rule 240/1029 applied. Total new triples: 844
Rule 241/1029 applied. Total new triples: 844
Rule 242/1029 applied. Total new triples: 844
Rule 243/1029 applied. Total new triples: 845
Rule 244/1029 applied. Total new triples: 845
Rule 245/1029 applied. Total new triples: 845
Rule 246/1029 applied. Total new triples: 849
Rule 247/1029 applied. Total new triples: 850
Rule 248/1029 applied. Total new triples: 851
Rule 249/1029 applied. Total new triples: 851
Rule 250/1029 applied. Total new triples: 1031
Rule 251/1029 applied. Total new triples: 1031
Rule 252/1029 applied. Total new triples: 1037
Rule 253/1029 applied. Total new triples: 1044
Rule 254/1029 applied. Total new triples: 1047
Rule 255/1029 applied. Total new triples: 1050
Rule 256/1029 applied. Total new triples: 1050
Rule 257/1029 applied. Total new triples: 1086
Rule 258/1029 applied. Total new triples: 1087
Rule 259/1029 applied. Total new triples: 1088
Rule 260/1029 applied. Total new triples: 1091
Rule 261/1029 applied. Total new triples: 1091
Rule 262/1029 applied. Total new triples: 1091
Rule 263/1029 applied. Total new triples: 1094
Rule 264/1029 applied. Total new triples: 1095
Rule 265/1029 applied. Total new triples: 1095
Rule 266/1029 applied. Total new triples: 1095
Rule 267/1029 applied. Total new triples: 1108
Rule 268/1029 applied. Total new triples: 1108
Rule 269/1029 applied. Total new triples: 1108
Rule 270/1029 applied. Total new triples: 1120
Rule 271/1029 applied. Total new triples: 1121
Rule 272/1029 applied. Total new triples: 1122
Rule 273/1029 applied. Total new triples: 1122
Rule 274/1029 applied. Total new triples: 1126
Rule 275/1029 applied. Total new triples: 1132
Rule 276/1029 applied. Total new triples: 1134
Rule 277/1029 applied. Total new triples: 1150
Rule 278/1029 applied. Total new triples: 1155
Rule 279/1029 applied. Total new triples: 1162
Rule 280/1029 applied. Total new triples: 1182
Rule 281/1029 applied. Total new triples: 1186
Rule 282/1029 applied. Total new triples: 1187
Rule 283/1029 applied. Total new triples: 1187
Rule 284/1029 applied. Total new triples: 1187
Rule 285/1029 applied. Total new triples: 1192
Rule 286/1029 applied. Total new triples: 1192
Rule 287/1029 applied. Total new triples: 1192
Rule 288/1029 applied. Total new triples: 1193
Rule 289/1029 applied. Total new triples: 1196
Rule 290/1029 applied. Total new triples: 1196
Rule 291/1029 applied. Total new triples: 1196
Rule 292/1029 applied. Total new triples: 1206
Rule 293/1029 applied. Total new triples: 1206
Rule 294/1029 applied. Total new triples: 1206
Rule 295/1029 applied. Total new triples: 1206
Rule 296/1029 applied. Total new triples: 1206
Rule 297/1029 applied. Total new triples: 1206
Rule 298/1029 applied. Total new triples: 1206
Rule 299/1029 applied. Total new triples: 1220
Rule 300/1029 applied. Total new triples: 1220
Rule 301/1029 applied. Total new triples: 1221
Rule 302/1029 applied. Total new triples: 1223
Rule 303/1029 applied. Total new triples: 1223
Rule 304/1029 applied. Total new triples: 1229
Rule 305/1029 applied. Total new triples: 1244
Rule 306/1029 applied. Total new triples: 1244
Rule 307/1029 applied. Total new triples: 1246
Rule 308/1029 applied. Total new triples: 1253
Rule 309/1029 applied. Total new triples: 1253
Rule 310/1029 applied. Total new triples: 1253
Rule 311/1029 applied. Total new triples: 1253
Rule 312/1029 applied. Total new triples: 1254
Rule 313/1029 applied. Total new triples: 1254
Rule 314/1029 applied. Total new triples: 1254
Rule 315/1029 applied. Total new triples: 1255
Rule 316/1029 applied. Total new triples: 1259
Rule 317/1029 applied. Total new triples: 1259
Rule 318/1029 applied. Total new triples: 1259
Rule 319/1029 applied. Total new triples: 1259
Rule 320/1029 applied. Total new triples: 1259
Rule 321/1029 applied. Total new triples: 1259
Rule 322/1029 applied. Total new triples: 1259
Rule 323/1029 applied. Total new triples: 1260
Rule 324/1029 applied. Total new triples: 1260
Rule 325/1029 applied. Total new triples: 1260
Rule 326/1029 applied. Total new triples: 1260
Rule 327/1029 applied. Total new triples: 1260
Rule 328/1029 applied. Total new triples: 1260
Rule 329/1029 applied. Total new triples: 1260
Rule 330/1029 applied. Total new triples: 1262
Rule 331/1029 applied. Total new triples: 1262
Rule 332/1029 applied. Total new triples: 1262
Rule 333/1029 applied. Total new triples: 1262
Rule 334/1029 applied. Total new triples: 1262
Rule 335/1029 applied. Total new triples: 1263
Rule 336/1029 applied. Total new triples: 1264
Rule 337/1029 applied. Total new triples: 1265
Rule 338/1029 applied. Total new triples: 1269
Rule 339/1029 applied. Total new triples: 1275
Rule 340/1029 applied. Total new triples: 1275
Rule 341/1029 applied. Total new triples: 1319
Rule 342/1029 applied. Total new triples: 1323
Rule 343/1029 applied. Total new triples: 1324
Rule 344/1029 applied. Total new triples: 1325
Rule 345/1029 applied. Total new triples: 1340
Rule 346/1029 applied. Total new triples: 1367
Rule 347/1029 applied. Total new triples: 1369
Rule 348/1029 applied. Total new triples: 1369
Rule 349/1029 applied. Total new triples: 1369
Rule 350/1029 applied. Total new triples: 1369
Rule 351/1029 applied. Total new triples: 1369
Rule 352/1029 applied. Total new triples: 1370
Rule 353/1029 applied. Total new triples: 1371
Rule 354/1029 applied. Total new triples: 1371
Rule 355/1029 applied. Total new triples: 1371
Rule 356/1029 applied. Total new triples: 1373
Rule 357/1029 applied. Total new triples: 1373
Rule 358/1029 applied. Total new triples: 1375
Rule 359/1029 applied. Total new triples: 1375
Rule 360/1029 applied. Total new triples: 1375
Rule 361/1029 applied. Total new triples: 1375
Rule 362/1029 applied. Total new triples: 1375
Rule 363/1029 applied. Total new triples: 1377
Rule 364/1029 applied. Total new triples: 1379
Rule 365/1029 applied. Total new triples: 1382
Rule 366/1029 applied. Total new triples: 1384
Rule 367/1029 applied. Total new triples: 1385
Rule 368/1029 applied. Total new triples: 1385
Rule 369/1029 applied. Total new triples: 1386
Rule 370/1029 applied. Total new triples: 1386
Rule 371/1029 applied. Total new triples: 1386
Rule 372/1029 applied. Total new triples: 1387
Rule 373/1029 applied. Total new triples: 1387
Rule 374/1029 applied. Total new triples: 1387
Rule 375/1029 applied. Total new triples: 1400
Rule 376/1029 applied. Total new triples: 1408
Rule 377/1029 applied. Total new triples: 1408
Rule 378/1029 applied. Total new triples: 1410
Rule 379/1029 applied. Total new triples: 1410
Rule 380/1029 applied. Total new triples: 1414
Rule 381/1029 applied. Total new triples: 1415
Rule 382/1029 applied. Total new triples: 1427
Rule 383/1029 applied. Total new triples: 1435
Rule 384/1029 applied. Total new triples: 1435
Rule 385/1029 applied. Total new triples: 1435
Rule 386/1029 applied. Total new triples: 1436
Rule 387/1029 applied. Total new triples: 1436
Rule 388/1029 applied. Total new triples: 1436
Rule 389/1029 applied. Total new triples: 1437
Rule 390/1029 applied. Total new triples: 1438
Rule 391/1029 applied. Total new triples: 1438
Rule 392/1029 applied. Total new triples: 1438
Rule 393/1029 applied. Total new triples: 1438
Rule 394/1029 applied. Total new triples: 1438
Rule 395/1029 applied. Total new triples: 1441
Rule 396/1029 applied. Total new triples: 1441
Rule 397/1029 applied. Total new triples: 1443
Rule 398/1029 applied. Total new triples: 1444
Rule 399/1029 applied. Total new triples: 1444
Rule 400/1029 applied. Total new triples: 1444
Rule 401/1029 applied. Total new triples: 1444
Rule 402/1029 applied. Total new triples: 1445
Rule 403/1029 applied. Total new triples: 1445
Rule 404/1029 applied. Total new triples: 1446
Rule 405/1029 applied. Total new triples: 1458
Rule 406/1029 applied. Total new triples: 1459
Rule 407/1029 applied. Total new triples: 1459
Rule 408/1029 applied. Total new triples: 1465
Rule 409/1029 applied. Total new triples: 1466
Rule 410/1029 applied. Total new triples: 1473
Rule 411/1029 applied. Total new triples: 1478
Rule 412/1029 applied. Total new triples: 1479
Rule 413/1029 applied. Total new triples: 1487
Rule 414/1029 applied. Total new triples: 1739
Rule 415/1029 applied. Total new triples: 1739
Rule 416/1029 applied. Total new triples: 1781
Rule 417/1029 applied. Total new triples: 1781
Rule 418/1029 applied. Total new triples: 1784
Rule 419/1029 applied. Total new triples: 1787
Rule 420/1029 applied. Total new triples: 1795
Rule 421/1029 applied. Total new triples: 1816
Rule 422/1029 applied. Total new triples: 1819
Rule 423/1029 applied. Total new triples: 1841
Rule 424/1029 applied. Total new triples: 1841
Rule 425/1029 applied. Total new triples: 1844
Rule 426/1029 applied. Total new triples: 1853
Rule 427/1029 applied. Total new triples: 1861
Rule 428/1029 applied. Total new triples: 1867
Rule 429/1029 applied. Total new triples: 1868
Rule 430/1029 applied. Total new triples: 1871
Rule 431/1029 applied. Total new triples: 1875
Rule 432/1029 applied. Total new triples: 1875
Rule 433/1029 applied. Total new triples: 1875
Rule 434/1029 applied. Total new triples: 1878
Rule 435/1029 applied. Total new triples: 1940
Rule 436/1029 applied. Total new triples: 1944
Rule 437/1029 applied. Total new triples: 1955
Rule 438/1029 applied. Total new triples: 1965
Rule 439/1029 applied. Total new triples: 1968
Rule 440/1029 applied. Total new triples: 1968
Rule 441/1029 applied. Total new triples: 1968
Rule 442/1029 applied. Total new triples: 1969
Rule 443/1029 applied. Total new triples: 1970
Rule 444/1029 applied. Total new triples: 1970
Rule 445/1029 applied. Total new triples: 1970
Rule 446/1029 applied. Total new triples: 1970
Rule 447/1029 applied. Total new triples: 1973
Rule 448/1029 applied. Total new triples: 1979
Rule 449/1029 applied. Total new triples: 1980
Rule 450/1029 applied. Total new triples: 1980
Rule 451/1029 applied. Total new triples: 1980
Rule 452/1029 applied. Total new triples: 1980
Rule 453/1029 applied. Total new triples: 1980
Rule 454/1029 applied. Total new triples: 1980
Rule 455/1029 applied. Total new triples: 1980
Rule 456/1029 applied. Total new triples: 1980
Rule 457/1029 applied. Total new triples: 1980
Rule 458/1029 applied. Total new triples: 1980
Rule 459/1029 applied. Total new triples: 1983
Rule 460/1029 applied. Total new triples: 1984
Rule 461/1029 applied. Total new triples: 1996
Rule 462/1029 applied. Total new triples: 1999
Rule 463/1029 applied. Total new triples: 2000
Rule 464/1029 applied. Total new triples: 2002
Rule 465/1029 applied. Total new triples: 2002
Rule 466/1029 applied. Total new triples: 2002
Rule 467/1029 applied. Total new triples: 2002
Rule 468/1029 applied. Total new triples: 2002
Rule 469/1029 applied. Total new triples: 2002
Rule 470/1029 applied. Total new triples: 2003
Rule 471/1029 applied. Total new triples: 2004
Rule 472/1029 applied. Total new triples: 2005
Rule 473/1029 applied. Total new triples: 2005
Rule 474/1029 applied. Total new triples: 2006
Rule 475/1029 applied. Total new triples: 2008
Rule 476/1029 applied. Total new triples: 2008
Rule 477/1029 applied. Total new triples: 2012
Rule 478/1029 applied. Total new triples: 2012
Rule 479/1029 applied. Total new triples: 2012
Rule 480/1029 applied. Total new triples: 2012
Rule 481/1029 applied. Total new triples: 2012
Rule 482/1029 applied. Total new triples: 2013
Rule 483/1029 applied. Total new triples: 2013
Rule 484/1029 applied. Total new triples: 2013
Rule 485/1029 applied. Total new triples: 2015
Rule 486/1029 applied. Total new triples: 2015
Rule 487/1029 applied. Total new triples: 2017
Rule 488/1029 applied. Total new triples: 2017
Rule 489/1029 applied. Total new triples: 2018
Rule 490/1029 applied. Total new triples: 2018
Rule 491/1029 applied. Total new triples: 2019
Rule 492/1029 applied. Total new triples: 2020
Rule 493/1029 applied. Total new triples: 2020
Rule 494/1029 applied. Total new triples: 2021
Rule 495/1029 applied. Total new triples: 2021
Rule 496/1029 applied. Total new triples: 2022
Rule 497/1029 applied. Total new triples: 2033
Rule 498/1029 applied. Total new triples: 2033
Rule 499/1029 applied. Total new triples: 2038
Rule 500/1029 applied. Total new triples: 2039
Rule 501/1029 applied. Total new triples: 2039
Rule 502/1029 applied. Total new triples: 2039
Rule 503/1029 applied. Total new triples: 2039
Rule 504/1029 applied. Total new triples: 2039
Rule 505/1029 applied. Total new triples: 2039
Rule 506/1029 applied. Total new triples: 2040
Rule 507/1029 applied. Total new triples: 2041
Rule 508/1029 applied. Total new triples: 2041
Rule 509/1029 applied. Total new triples: 2041
Rule 510/1029 applied. Total new triples: 2054
Rule 511/1029 applied. Total new triples: 2054
Rule 512/1029 applied. Total new triples: 2054
Rule 513/1029 applied. Total new triples: 2055
Rule 514/1029 applied. Total new triples: 2055
Rule 515/1029 applied. Total new triples: 2055
Rule 516/1029 applied. Total new triples: 2055
Rule 517/1029 applied. Total new triples: 2055
Rule 518/1029 applied. Total new triples: 2055
Rule 519/1029 applied. Total new triples: 2055
Rule 520/1029 applied. Total new triples: 2055
Rule 521/1029 applied. Total new triples: 2056
Rule 522/1029 applied. Total new triples: 2056
Rule 523/1029 applied. Total new triples: 2059
Rule 524/1029 applied. Total new triples: 2059
Rule 525/1029 applied. Total new triples: 2061
Rule 526/1029 applied. Total new triples: 2061
Rule 527/1029 applied. Total new triples: 2061
Rule 528/1029 applied. Total new triples: 2064
Rule 529/1029 applied. Total new triples: 2064
Rule 530/1029 applied. Total new triples: 2066
Rule 531/1029 applied. Total new triples: 2067
Rule 532/1029 applied. Total new triples: 2067
Rule 533/1029 applied. Total new triples: 2068
Rule 534/1029 applied. Total new triples: 2068
Rule 535/1029 applied. Total new triples: 2068
Rule 536/1029 applied. Total new triples: 2068
Rule 537/1029 applied. Total new triples: 2071
Rule 538/1029 applied. Total new triples: 2072
Rule 539/1029 applied. Total new triples: 2072
Rule 540/1029 applied. Total new triples: 2072
Rule 541/1029 applied. Total new triples: 2072
Rule 542/1029 applied. Total new triples: 2072
Rule 543/1029 applied. Total new triples: 2072
Rule 544/1029 applied. Total new triples: 2073
Rule 545/1029 applied. Total new triples: 2073
Rule 546/1029 applied. Total new triples: 2076
Rule 547/1029 applied. Total new triples: 2076
Rule 548/1029 applied. Total new triples: 2076
Rule 549/1029 applied. Total new triples: 2078
Rule 550/1029 applied. Total new triples: 2079
Rule 551/1029 applied. Total new triples: 2081
Rule 552/1029 applied. Total new triples: 2081
Rule 553/1029 applied. Total new triples: 2081
Rule 554/1029 applied. Total new triples: 2081
Rule 555/1029 applied. Total new triples: 2082
Rule 556/1029 applied. Total new triples: 2105
Rule 557/1029 applied. Total new triples: 2142
Rule 558/1029 applied. Total new triples: 2457
Rule 559/1029 applied. Total new triples: 2458
Rule 560/1029 applied. Total new triples: 2458
Rule 561/1029 applied. Total new triples: 2461
Rule 562/1029 applied. Total new triples: 2461
Rule 563/1029 applied. Total new triples: 2461
Rule 564/1029 applied. Total new triples: 2468
Rule 565/1029 applied. Total new triples: 2492
Rule 566/1029 applied. Total new triples: 2509
Rule 567/1029 applied. Total new triples: 2509
Rule 568/1029 applied. Total new triples: 2515
Rule 569/1029 applied. Total new triples: 2525
Rule 570/1029 applied. Total new triples: 2534
Rule 571/1029 applied. Total new triples: 2566
Rule 572/1029 applied. Total new triples: 2570
Rule 573/1029 applied. Total new triples: 2574
Rule 574/1029 applied. Total new triples: 2574
Rule 575/1029 applied. Total new triples: 2574
Rule 576/1029 applied. Total new triples: 2629
Rule 577/1029 applied. Total new triples: 2647
Rule 578/1029 applied. Total new triples: 2652
Rule 579/1029 applied. Total new triples: 2655
Rule 580/1029 applied. Total new triples: 2656
Rule 581/1029 applied. Total new triples: 2656
Rule 582/1029 applied. Total new triples: 2658
Rule 583/1029 applied. Total new triples: 2692
Rule 584/1029 applied. Total new triples: 2692
Rule 585/1029 applied. Total new triples: 2692
Rule 586/1029 applied. Total new triples: 2692
Rule 587/1029 applied. Total new triples: 2713
Rule 588/1029 applied. Total new triples: 2713
Rule 589/1029 applied. Total new triples: 2714
Rule 590/1029 applied. Total new triples: 2720
Rule 591/1029 applied. Total new triples: 2721
Rule 592/1029 applied. Total new triples: 2727
Rule 593/1029 applied. Total new triples: 2736
Rule 594/1029 applied. Total new triples: 2736
Rule 595/1029 applied. Total new triples: 2737
Rule 596/1029 applied. Total new triples: 2741
Rule 597/1029 applied. Total new triples: 2744
Rule 598/1029 applied. Total new triples: 2749
Rule 599/1029 applied. Total new triples: 2763
Rule 600/1029 applied. Total new triples: 2763
Rule 601/1029 applied. Total new triples: 2763
Rule 602/1029 applied. Total new triples: 2767
Rule 603/1029 applied. Total new triples: 2768
Rule 604/1029 applied. Total new triples: 2811
Rule 605/1029 applied. Total new triples: 2814
Rule 606/1029 applied. Total new triples: 2820
Rule 607/1029 applied. Total new triples: 2841
Rule 608/1029 applied. Total new triples: 2842
Rule 609/1029 applied. Total new triples: 2842
Rule 610/1029 applied. Total new triples: 2843
Rule 611/1029 applied. Total new triples: 2845
Rule 612/1029 applied. Total new triples: 2845
Rule 613/1029 applied. Total new triples: 2848
Rule 614/1029 applied. Total new triples: 2848
Rule 615/1029 applied. Total new triples: 2874
Rule 616/1029 applied. Total new triples: 2874
Rule 617/1029 applied. Total new triples: 2875
Rule 618/1029 applied. Total new triples: 2876
Rule 619/1029 applied. Total new triples: 2878
Rule 620/1029 applied. Total new triples: 2880
Rule 621/1029 applied. Total new triples: 2880
Rule 622/1029 applied. Total new triples: 2880
Rule 623/1029 applied. Total new triples: 2881
Rule 624/1029 applied. Total new triples: 2881
Rule 625/1029 applied. Total new triples: 2881
Rule 626/1029 applied. Total new triples: 2882
Rule 627/1029 applied. Total new triples: 2884
Rule 628/1029 applied. Total new triples: 2887
Rule 629/1029 applied. Total new triples: 2887
Rule 630/1029 applied. Total new triples: 2902
Rule 631/1029 applied. Total new triples: 2927
Rule 632/1029 applied. Total new triples: 2927
Rule 633/1029 applied. Total new triples: 2927
Rule 634/1029 applied. Total new triples: 2927
Rule 635/1029 applied. Total new triples: 2927
Rule 636/1029 applied. Total new triples: 2927
Rule 637/1029 applied. Total new triples: 2927
Rule 638/1029 applied. Total new triples: 2930
Rule 639/1029 applied. Total new triples: 2930
Rule 640/1029 applied. Total new triples: 2934
Rule 641/1029 applied. Total new triples: 2934
Rule 642/1029 applied. Total new triples: 2934
Rule 643/1029 applied. Total new triples: 2934
Rule 644/1029 applied. Total new triples: 2935
Rule 645/1029 applied. Total new triples: 2935
Rule 646/1029 applied. Total new triples: 2944
Rule 647/1029 applied. Total new triples: 2944
Rule 648/1029 applied. Total new triples: 2944
Rule 649/1029 applied. Total new triples: 2944
Rule 650/1029 applied. Total new triples: 2948
Rule 651/1029 applied. Total new triples: 2959
Rule 652/1029 applied. Total new triples: 2963
Rule 653/1029 applied. Total new triples: 2963
Rule 654/1029 applied. Total new triples: 2971
Rule 655/1029 applied. Total new triples: 3071
Rule 656/1029 applied. Total new triples: 3071
Rule 657/1029 applied. Total new triples: 3075
Rule 658/1029 applied. Total new triples: 3075
Rule 659/1029 applied. Total new triples: 3075
Rule 660/1029 applied. Total new triples: 3077
Rule 661/1029 applied. Total new triples: 3079
Rule 662/1029 applied. Total new triples: 3082
Rule 663/1029 applied. Total new triples: 3082
Rule 664/1029 applied. Total new triples: 3082
Rule 665/1029 applied. Total new triples: 3083
Rule 666/1029 applied. Total new triples: 3083
Rule 667/1029 applied. Total new triples: 3083
Rule 668/1029 applied. Total new triples: 3084
Rule 669/1029 applied. Total new triples: 3084
Rule 670/1029 applied. Total new triples: 3086
Rule 671/1029 applied. Total new triples: 3086
Rule 672/1029 applied. Total new triples: 3086
Rule 673/1029 applied. Total new triples: 3087
Rule 674/1029 applied. Total new triples: 3087
Rule 675/1029 applied. Total new triples: 3087
Rule 676/1029 applied. Total new triples: 3098
Rule 677/1029 applied. Total new triples: 3105
Rule 678/1029 applied. Total new triples: 3105
Rule 679/1029 applied. Total new triples: 3105
Rule 680/1029 applied. Total new triples: 3105
Rule 681/1029 applied. Total new triples: 3105
Rule 682/1029 applied. Total new triples: 3105
Rule 683/1029 applied. Total new triples: 3105
Rule 684/1029 applied. Total new triples: 3106
Rule 685/1029 applied. Total new triples: 3111
Rule 686/1029 applied. Total new triples: 3111
Rule 687/1029 applied. Total new triples: 3111
Rule 688/1029 applied. Total new triples: 3111
Rule 689/1029 applied. Total new triples: 3111
Rule 690/1029 applied. Total new triples: 3111
Rule 691/1029 applied. Total new triples: 3113
Rule 692/1029 applied. Total new triples: 3115
Rule 693/1029 applied. Total new triples: 3115
Rule 694/1029 applied. Total new triples: 3115
Rule 695/1029 applied. Total new triples: 3115
Rule 696/1029 applied. Total new triples: 3115
Rule 697/1029 applied. Total new triples: 3124
Rule 698/1029 applied. Total new triples: 3124
Rule 699/1029 applied. Total new triples: 3124
Rule 700/1029 applied. Total new triples: 3126
Rule 701/1029 applied. Total new triples: 3127
Rule 702/1029 applied. Total new triples: 3127
Rule 703/1029 applied. Total new triples: 3127
Rule 704/1029 applied. Total new triples: 3130
Rule 705/1029 applied. Total new triples: 3131
Rule 706/1029 applied. Total new triples: 3133
Rule 707/1029 applied. Total new triples: 3135
Rule 708/1029 applied. Total new triples: 3135
Rule 709/1029 applied. Total new triples: 3135
Rule 710/1029 applied. Total new triples: 3135
Rule 711/1029 applied. Total new triples: 3136
Rule 712/1029 applied. Total new triples: 3136
Rule 713/1029 applied. Total new triples: 3146
Rule 714/1029 applied. Total new triples: 3146
Rule 715/1029 applied. Total new triples: 3162
Rule 716/1029 applied. Total new triples: 3176
Rule 717/1029 applied. Total new triples: 3179
Rule 718/1029 applied. Total new triples: 3179
Rule 719/1029 applied. Total new triples: 3179
Rule 720/1029 applied. Total new triples: 3179
Rule 721/1029 applied. Total new triples: 3179
Rule 722/1029 applied. Total new triples: 3180
Rule 723/1029 applied. Total new triples: 3182
Rule 724/1029 applied. Total new triples: 3182
Rule 725/1029 applied. Total new triples: 3201
Rule 726/1029 applied. Total new triples: 3201
Rule 727/1029 applied. Total new triples: 3201
Rule 728/1029 applied. Total new triples: 3201
Rule 729/1029 applied. Total new triples: 3201
Rule 730/1029 applied. Total new triples: 3202
Rule 731/1029 applied. Total new triples: 3202
Rule 732/1029 applied. Total new triples: 3203
Rule 733/1029 applied. Total new triples: 3204
Rule 734/1029 applied. Total new triples: 3206
Rule 735/1029 applied. Total new triples: 3206
Rule 736/1029 applied. Total new triples: 3206
Rule 737/1029 applied. Total new triples: 3208
Rule 738/1029 applied. Total new triples: 3208
Rule 739/1029 applied. Total new triples: 3208
Rule 740/1029 applied. Total new triples: 3208
Rule 741/1029 applied. Total new triples: 3208
Rule 742/1029 applied. Total new triples: 3208
Rule 743/1029 applied. Total new triples: 3208
Rule 744/1029 applied. Total new triples: 3209
Rule 745/1029 applied. Total new triples: 3209
Rule 746/1029 applied. Total new triples: 3258
Rule 747/1029 applied. Total new triples: 3258
Rule 748/1029 applied. Total new triples: 3260
Rule 749/1029 applied. Total new triples: 3261
Rule 750/1029 applied. Total new triples: 3261
Rule 751/1029 applied. Total new triples: 3268
Rule 752/1029 applied. Total new triples: 3275
Rule 753/1029 applied. Total new triples: 3277
Rule 754/1029 applied. Total new triples: 3277
Rule 755/1029 applied. Total new triples: 3277
Rule 756/1029 applied. Total new triples: 3279
Rule 757/1029 applied. Total new triples: 3281
Rule 758/1029 applied. Total new triples: 3282
Rule 759/1029 applied. Total new triples: 3287
Rule 760/1029 applied. Total new triples: 3287
Rule 761/1029 applied. Total new triples: 3299
Rule 762/1029 applied. Total new triples: 3299
Rule 763/1029 applied. Total new triples: 3299
Rule 764/1029 applied. Total new triples: 11039
Rule 765/1029 applied. Total new triples: 11040
Rule 766/1029 applied. Total new triples: 11045
Rule 767/1029 applied. Total new triples: 11048
Rule 768/1029 applied. Total new triples: 11048
Rule 769/1029 applied. Total new triples: 11048
Rule 770/1029 applied. Total new triples: 11048
Rule 771/1029 applied. Total new triples: 11048
Rule 772/1029 applied. Total new triples: 11048
Rule 773/1029 applied. Total new triples: 18469
Rule 774/1029 applied. Total new triples: 18473
Rule 775/1029 applied. Total new triples: 18483
Rule 776/1029 applied. Total new triples: 18483
Rule 777/1029 applied. Total new triples: 18483
Rule 778/1029 applied. Total new triples: 18483
Rule 779/1029 applied. Total new triples: 18483
Rule 780/1029 applied. Total new triples: 18483
Rule 781/1029 applied. Total new triples: 18483
Rule 782/1029 applied. Total new triples: 18483
Rule 783/1029 applied. Total new triples: 18489
Rule 784/1029 applied. Total new triples: 18491
Rule 785/1029 applied. Total new triples: 18491
Rule 786/1029 applied. Total new triples: 18491
Rule 787/1029 applied. Total new triples: 18491
Rule 788/1029 applied. Total new triples: 18491
Rule 789/1029 applied. Total new triples: 18491
Rule 790/1029 applied. Total new triples: 18491
Rule 791/1029 applied. Total new triples: 18492
Rule 792/1029 applied. Total new triples: 18493
Rule 793/1029 applied. Total new triples: 18495
Rule 794/1029 applied. Total new triples: 18495
Rule 795/1029 applied. Total new triples: 18495
Rule 796/1029 applied. Total new triples: 18537
Rule 797/1029 applied. Total new triples: 18547
Rule 798/1029 applied. Total new triples: 18558
Rule 799/1029 applied. Total new triples: 18597
Rule 800/1029 applied. Total new triples: 18597
Rule 801/1029 applied. Total new triples: 18597
Rule 802/1029 applied. Total new triples: 18607
Rule 803/1029 applied. Total new triples: 18608
Rule 804/1029 applied. Total new triples: 18622
Rule 805/1029 applied. Total new triples: 18628
Rule 806/1029 applied. Total new triples: 18630
Rule 807/1029 applied. Total new triples: 18632
Rule 808/1029 applied. Total new triples: 18632
Rule 809/1029 applied. Total new triples: 18639
Rule 810/1029 applied. Total new triples: 18642
Rule 811/1029 applied. Total new triples: 18645
Rule 812/1029 applied. Total new triples: 18645
Rule 813/1029 applied. Total new triples: 18645
Rule 814/1029 applied. Total new triples: 18645
Rule 815/1029 applied. Total new triples: 18647
Rule 816/1029 applied. Total new triples: 18650
Rule 817/1029 applied. Total new triples: 18650
Rule 818/1029 applied. Total new triples: 18660
Rule 819/1029 applied. Total new triples: 18661
Rule 820/1029 applied. Total new triples: 18661
Rule 821/1029 applied. Total new triples: 18672
Rule 822/1029 applied. Total new triples: 18680
Rule 823/1029 applied. Total new triples: 18697
Rule 824/1029 applied. Total new triples: 18707
Rule 825/1029 applied. Total new triples: 18722
Rule 826/1029 applied. Total new triples: 18723
Rule 827/1029 applied. Total new triples: 18723
Rule 828/1029 applied. Total new triples: 18723
Rule 829/1029 applied. Total new triples: 18723
Rule 830/1029 applied. Total new triples: 18723
Rule 831/1029 applied. Total new triples: 18723
Rule 832/1029 applied. Total new triples: 18723
Rule 833/1029 applied. Total new triples: 18724
Rule 834/1029 applied. Total new triples: 18725
Rule 835/1029 applied. Total new triples: 18726
Rule 836/1029 applied. Total new triples: 18726
Rule 837/1029 applied. Total new triples: 18726
Rule 838/1029 applied. Total new triples: 18729
Rule 839/1029 applied. Total new triples: 18742
Rule 840/1029 applied. Total new triples: 18743
Rule 841/1029 applied. Total new triples: 18743
Rule 842/1029 applied. Total new triples: 18743
Rule 843/1029 applied. Total new triples: 18743
Rule 844/1029 applied. Total new triples: 18743
Rule 845/1029 applied. Total new triples: 18743
Rule 846/1029 applied. Total new triples: 18743
Rule 847/1029 applied. Total new triples: 18743
Rule 848/1029 applied. Total new triples: 18743
Rule 849/1029 applied. Total new triples: 18743
Rule 850/1029 applied. Total new triples: 18743
Rule 851/1029 applied. Total new triples: 18743
Rule 852/1029 applied. Total new triples: 18743
Rule 853/1029 applied. Total new triples: 18743
Rule 854/1029 applied. Total new triples: 18743
Rule 855/1029 applied. Total new triples: 18743
Rule 856/1029 applied. Total new triples: 18743
Rule 857/1029 applied. Total new triples: 18743
Rule 858/1029 applied. Total new triples: 18743
Rule 859/1029 applied. Total new triples: 18743
Rule 860/1029 applied. Total new triples: 18743
Rule 861/1029 applied. Total new triples: 18747
Rule 862/1029 applied. Total new triples: 18749
Rule 863/1029 applied. Total new triples: 18749
Rule 864/1029 applied. Total new triples: 18750
Rule 865/1029 applied. Total new triples: 18774
Rule 866/1029 applied. Total new triples: 18774
Rule 867/1029 applied. Total new triples: 18774
Rule 868/1029 applied. Total new triples: 18784
Rule 869/1029 applied. Total new triples: 18800
Rule 870/1029 applied. Total new triples: 18800
Rule 871/1029 applied. Total new triples: 18803
Rule 872/1029 applied. Total new triples: 18809
Rule 873/1029 applied. Total new triples: 18809
Rule 874/1029 applied. Total new triples: 18812
Rule 875/1029 applied. Total new triples: 18822
Rule 876/1029 applied. Total new triples: 18839
Rule 877/1029 applied. Total new triples: 18839
Rule 878/1029 applied. Total new triples: 18842
Rule 879/1029 applied. Total new triples: 18842
Rule 880/1029 applied. Total new triples: 18844
Rule 881/1029 applied. Total new triples: 18845
Rule 882/1029 applied. Total new triples: 18861
Rule 883/1029 applied. Total new triples: 18863
Rule 884/1029 applied. Total new triples: 18878
Rule 885/1029 applied. Total new triples: 18892
Rule 886/1029 applied. Total new triples: 18894
Rule 887/1029 applied. Total new triples: 18897
Rule 888/1029 applied. Total new triples: 18897
Rule 889/1029 applied. Total new triples: 18903
Rule 890/1029 applied. Total new triples: 18905
Rule 891/1029 applied. Total new triples: 18905
Rule 892/1029 applied. Total new triples: 18905
Rule 893/1029 applied. Total new triples: 18908
Rule 894/1029 applied. Total new triples: 18908
Rule 895/1029 applied. Total new triples: 18910
Rule 896/1029 applied. Total new triples: 18913
Rule 897/1029 applied. Total new triples: 18913
Rule 898/1029 applied. Total new triples: 18913
Rule 899/1029 applied. Total new triples: 18917
Rule 900/1029 applied. Total new triples: 18917
Rule 901/1029 applied. Total new triples: 18917
Rule 902/1029 applied. Total new triples: 18918
Rule 903/1029 applied. Total new triples: 18919
Rule 904/1029 applied. Total new triples: 18919
Rule 905/1029 applied. Total new triples: 18919
Rule 906/1029 applied. Total new triples: 18920
Rule 907/1029 applied. Total new triples: 18920
Rule 908/1029 applied. Total new triples: 18924
Rule 909/1029 applied. Total new triples: 18924
Rule 910/1029 applied. Total new triples: 18924
Rule 911/1029 applied. Total new triples: 18925
Rule 912/1029 applied. Total new triples: 18938
Rule 913/1029 applied. Total new triples: 18943
Rule 914/1029 applied. Total new triples: 18959
Rule 915/1029 applied. Total new triples: 18990
Rule 916/1029 applied. Total new triples: 18991
Rule 917/1029 applied. Total new triples: 18994
Rule 918/1029 applied. Total new triples: 18994
Rule 919/1029 applied. Total new triples: 18997
Rule 920/1029 applied. Total new triples: 18997
Rule 921/1029 applied. Total new triples: 19001
Rule 922/1029 applied. Total new triples: 19002
Rule 923/1029 applied. Total new triples: 19003
Rule 924/1029 applied. Total new triples: 19006
Rule 925/1029 applied. Total new triples: 19006
Rule 926/1029 applied. Total new triples: 19007
Rule 927/1029 applied. Total new triples: 19009
Rule 928/1029 applied. Total new triples: 19011
Rule 929/1029 applied. Total new triples: 19015
Rule 930/1029 applied. Total new triples: 19015
Rule 931/1029 applied. Total new triples: 19017
Rule 932/1029 applied. Total new triples: 19020
Rule 933/1029 applied. Total new triples: 19020
Rule 934/1029 applied. Total new triples: 19036
Rule 935/1029 applied. Total new triples: 19038
Rule 936/1029 applied. Total new triples: 19042
Rule 937/1029 applied. Total new triples: 19044
Rule 938/1029 applied. Total new triples: 19046
Rule 939/1029 applied. Total new triples: 19051
Rule 940/1029 applied. Total new triples: 19066
Rule 941/1029 applied. Total new triples: 19084
Rule 942/1029 applied. Total new triples: 19084
Rule 943/1029 applied. Total new triples: 19084
Rule 944/1029 applied. Total new triples: 19089
Rule 945/1029 applied. Total new triples: 19089
Rule 946/1029 applied. Total new triples: 19089
Rule 947/1029 applied. Total new triples: 19092
Rule 948/1029 applied. Total new triples: 19092
Rule 949/1029 applied. Total new triples: 19093
Rule 950/1029 applied. Total new triples: 19093
Rule 951/1029 applied. Total new triples: 19093
Rule 952/1029 applied. Total new triples: 19093
Rule 953/1029 applied. Total new triples: 19095
Rule 954/1029 applied. Total new triples: 19096
Rule 955/1029 applied. Total new triples: 19102
Rule 956/1029 applied. Total new triples: 19103
Rule 957/1029 applied. Total new triples: 19104
Rule 958/1029 applied. Total new triples: 19107
Rule 959/1029 applied. Total new triples: 19112
Rule 960/1029 applied. Total new triples: 19114
Rule 961/1029 applied. Total new triples: 19114
Rule 962/1029 applied. Total new triples: 19114
Rule 963/1029 applied. Total new triples: 19115
Rule 964/1029 applied. Total new triples: 19115
Rule 965/1029 applied. Total new triples: 19115
Rule 966/1029 applied. Total new triples: 19119
Rule 967/1029 applied. Total new triples: 19121
Rule 968/1029 applied. Total new triples: 19121
Rule 969/1029 applied. Total new triples: 19121
Rule 970/1029 applied. Total new triples: 19122
Rule 971/1029 applied. Total new triples: 19122
Rule 972/1029 applied. Total new triples: 19123
Rule 973/1029 applied. Total new triples: 19123
Rule 974/1029 applied. Total new triples: 19123
Rule 975/1029 applied. Total new triples: 19123
Rule 976/1029 applied. Total new triples: 19124
Rule 977/1029 applied. Total new triples: 19124
Rule 978/1029 applied. Total new triples: 19124
Rule 979/1029 applied. Total new triples: 19124
Rule 980/1029 applied. Total new triples: 19124
Rule 981/1029 applied. Total new triples: 19124
Rule 982/1029 applied. Total new triples: 19125
Rule 983/1029 applied. Total new triples: 19125
Rule 984/1029 applied. Total new triples: 19125
Rule 985/1029 applied. Total new triples: 19125
Rule 986/1029 applied. Total new triples: 19129
Rule 987/1029 applied. Total new triples: 19129
Rule 988/1029 applied. Total new triples: 19129
Rule 989/1029 applied. Total new triples: 19129
Rule 990/1029 applied. Total new triples: 19129
Rule 991/1029 applied. Total new triples: 19129
Rule 992/1029 applied. Total new triples: 19131
Rule 993/1029 applied. Total new triples: 19150
Rule 994/1029 applied. Total new triples: 19189
Rule 995/1029 applied. Total new triples: 19189
Rule 996/1029 applied. Total new triples: 19256
Rule 997/1029 applied. Total new triples: 19278
Rule 998/1029 applied. Total new triples: 19279
Rule 999/1029 applied. Total new triples: 19281
Rule 1000/1029 applied. Total new triples: 19285
Rule 1001/1029 applied. Total new triples: 19285
Rule 1002/1029 applied. Total new triples: 19285
Rule 1003/1029 applied. Total new triples: 19368
Rule 1004/1029 applied. Total new triples: 19368
Rule 1005/1029 applied. Total new triples: 19368
Rule 1006/1029 applied. Total new triples: 19368
Rule 1007/1029 applied. Total new triples: 19377
Rule 1008/1029 applied. Total new triples: 19377
Rule 1009/1029 applied. Total new triples: 19379
Rule 1010/1029 applied. Total new triples: 19379
Rule 1011/1029 applied. Total new triples: 19379
Rule 1012/1029 applied. Total new triples: 19403
Rule 1013/1029 applied. Total new triples: 19403
Rule 1014/1029 applied. Total new triples: 19403
Rule 1015/1029 applied. Total new triples: 19406
Rule 1016/1029 applied. Total new triples: 19406
Rule 1017/1029 applied. Total new triples: 19406
Rule 1018/1029 applied. Total new triples: 19406
Rule 1019/1029 applied. Total new triples: 19406
Rule 1020/1029 applied. Total new triples: 19406
Rule 1021/1029 applied. Total new triples: 19406
Rule 1022/1029 applied. Total new triples: 19407
Rule 1023/1029 applied. Total new triples: 19409
Rule 1024/1029 applied. Total new triples: 19409
Rule 1025/1029 applied. Total new triples: 19410
Rule 1026/1029 applied. Total new triples: 19413
Rule 1027/1029 applied. Total new triples: 19415
Rule 1028/1029 applied. Total new triples: 19416
Rule 1029/1029 applied. Total new triples: 19417
Materialization complete. Writing to file...
--- Rule materialization breakdown ---
  Rules processed:                       1029
  Fully materialized (no exceptions):    1029 (of which 226 produced no predictions: lack of groundings)
  Partial (some exceptions, had preds):  0
  Skipped (exceptions, no predictions):  0
  Rules that added new triples:          519
Total elapsed time for materialization: 201984 ms (201.98 seconds)
Successfully wrote 19417 triples to yago_flip_experiment/predictions_ifp/materialization/20260825_105139//YAGO4.5-10-flipIFP_anyburl_FULL_semantic_5_rules_20260825_105139.nt

--- Condition: Standard | Target: Top 10% Rules ---
--- Mode: TOP N% RULES BY CONFIDENCE ---
Total rules available: 20562. Using top 10.0% (2057 rules).
Rule 1/2057 applied. Total new triples: 51
Rule 2/2057 applied. Total new triples: 51
Rule 3/2057 applied. Total new triples: 123
Rule 4/2057 applied. Total new triples: 126
Rule 5/2057 applied. Total new triples: 126
Rule 6/2057 applied. Total new triples: 136
Rule 7/2057 applied. Total new triples: 145
Rule 8/2057 applied. Total new triples: 150
Rule 9/2057 applied. Total new triples: 152
Rule 10/2057 applied. Total new triples: 158
Rule 11/2057 applied. Total new triples: 164
Rule 12/2057 applied. Total new triples: 172
Rule 13/2057 applied. Total new triples: 183
Rule 14/2057 applied. Total new triples: 239
Rule 15/2057 applied. Total new triples: 239
Rule 16/2057 applied. Total new triples: 239
Rule 17/2057 applied. Total new triples: 252
Rule 18/2057 applied. Total new triples: 257
Rule 19/2057 applied. Total new triples: 258
Rule 20/2057 applied. Total new triples: 273
Rule 21/2057 applied. Total new triples: 273
Rule 22/2057 applied. Total new triples: 273
Rule 23/2057 applied. Total new triples: 277
Rule 24/2057 applied. Total new triples: 285
Rule 25/2057 applied. Total new triples: 287
Rule 26/2057 applied. Total new triples: 292
Rule 27/2057 applied. Total new triples: 292
Rule 28/2057 applied. Total new triples: 381
Rule 29/2057 applied. Total new triples: 388
Rule 30/2057 applied. Total new triples: 396
Rule 31/2057 applied. Total new triples: 416
Rule 32/2057 applied. Total new triples: 416
Rule 33/2057 applied. Total new triples: 419
Rule 34/2057 applied. Total new triples: 419
Rule 35/2057 applied. Total new triples: 422
Rule 36/2057 applied. Total new triples: 423
Rule 37/2057 applied. Total new triples: 430
Rule 38/2057 applied. Total new triples: 431
Rule 39/2057 applied. Total new triples: 432
Rule 40/2057 applied. Total new triples: 453
Rule 41/2057 applied. Total new triples: 458
Rule 42/2057 applied. Total new triples: 497
Rule 43/2057 applied. Total new triples: 508
Rule 44/2057 applied. Total new triples: 739
Rule 45/2057 applied. Total new triples: 740
Rule 46/2057 applied. Total new triples: 740
Rule 47/2057 applied. Total new triples: 796
Rule 48/2057 applied. Total new triples: 804
Rule 49/2057 applied. Total new triples: 807
Rule 50/2057 applied. Total new triples: 847
Rule 51/2057 applied. Total new triples: 851
Rule 52/2057 applied. Total new triples: 905
Rule 53/2057 applied. Total new triples: 908
Rule 54/2057 applied. Total new triples: 908
Rule 55/2057 applied. Total new triples: 910
Rule 56/2057 applied. Total new triples: 925
Rule 57/2057 applied. Total new triples: 926
Rule 58/2057 applied. Total new triples: 926
Rule 59/2057 applied. Total new triples: 927
Rule 60/2057 applied. Total new triples: 940
Rule 61/2057 applied. Total new triples: 954
Rule 62/2057 applied. Total new triples: 1015
Rule 63/2057 applied. Total new triples: 1015
Rule 64/2057 applied. Total new triples: 1015
Rule 65/2057 applied. Total new triples: 1015
Rule 66/2057 applied. Total new triples: 1015
Rule 67/2057 applied. Total new triples: 1019
Rule 68/2057 applied. Total new triples: 1026
Rule 69/2057 applied. Total new triples: 1032
Rule 70/2057 applied. Total new triples: 1048
Rule 71/2057 applied. Total new triples: 1050
Rule 72/2057 applied. Total new triples: 1052
Rule 73/2057 applied. Total new triples: 1067
Rule 74/2057 applied. Total new triples: 1093
Rule 75/2057 applied. Total new triples: 1121
Rule 76/2057 applied. Total new triples: 1121
Rule 77/2057 applied. Total new triples: 1122
Rule 78/2057 applied. Total new triples: 1122
Rule 79/2057 applied. Total new triples: 1122
Rule 80/2057 applied. Total new triples: 1123
Rule 81/2057 applied. Total new triples: 1127
Rule 82/2057 applied. Total new triples: 1132
Rule 83/2057 applied. Total new triples: 1141
Rule 84/2057 applied. Total new triples: 1155
Rule 85/2057 applied. Total new triples: 1193
Rule 86/2057 applied. Total new triples: 1215
Rule 87/2057 applied. Total new triples: 1369
Rule 88/2057 applied. Total new triples: 1369
Rule 89/2057 applied. Total new triples: 1371
Rule 90/2057 applied. Total new triples: 1387
Rule 91/2057 applied. Total new triples: 1390
Rule 92/2057 applied. Total new triples: 1391
Rule 93/2057 applied. Total new triples: 1391
Rule 94/2057 applied. Total new triples: 1391
Rule 95/2057 applied. Total new triples: 1396
Rule 96/2057 applied. Total new triples: 1405
Rule 97/2057 applied. Total new triples: 1405
Rule 98/2057 applied. Total new triples: 1405
Rule 99/2057 applied. Total new triples: 1405
Rule 100/2057 applied. Total new triples: 1405
Rule 101/2057 applied. Total new triples: 1405
Rule 102/2057 applied. Total new triples: 1405
Rule 103/2057 applied. Total new triples: 1405
Rule 104/2057 applied. Total new triples: 1410
Rule 105/2057 applied. Total new triples: 1410
Rule 106/2057 applied. Total new triples: 1410
Rule 107/2057 applied. Total new triples: 1412
Rule 108/2057 applied. Total new triples: 1414
Rule 109/2057 applied. Total new triples: 1416
Rule 110/2057 applied. Total new triples: 1418
Rule 111/2057 applied. Total new triples: 1418
Rule 112/2057 applied. Total new triples: 1420
Rule 113/2057 applied. Total new triples: 1420
Rule 114/2057 applied. Total new triples: 1422
Rule 115/2057 applied. Total new triples: 1474
Rule 116/2057 applied. Total new triples: 1475
Rule 117/2057 applied. Total new triples: 1479
Rule 118/2057 applied. Total new triples: 1490
Rule 119/2057 applied. Total new triples: 1509
Rule 120/2057 applied. Total new triples: 1523
Rule 121/2057 applied. Total new triples: 1539
Rule 122/2057 applied. Total new triples: 1545
Rule 123/2057 applied. Total new triples: 1551
Rule 124/2057 applied. Total new triples: 1557
Rule 125/2057 applied. Total new triples: 1627
Rule 126/2057 applied. Total new triples: 1627
Rule 127/2057 applied. Total new triples: 1628
Rule 128/2057 applied. Total new triples: 1628
Rule 129/2057 applied. Total new triples: 1628
Rule 130/2057 applied. Total new triples: 1629
Rule 131/2057 applied. Total new triples: 1630
Rule 132/2057 applied. Total new triples: 1633
Rule 133/2057 applied. Total new triples: 1633
Rule 134/2057 applied. Total new triples: 1633
Rule 135/2057 applied. Total new triples: 1634
Rule 136/2057 applied. Total new triples: 1638
Rule 137/2057 applied. Total new triples: 1847
Rule 138/2057 applied. Total new triples: 1856
Rule 139/2057 applied. Total new triples: 1879
Rule 140/2057 applied. Total new triples: 1887
Rule 141/2057 applied. Total new triples: 1900
Rule 142/2057 applied. Total new triples: 1906
Rule 143/2057 applied. Total new triples: 1912
Rule 144/2057 applied. Total new triples: 1929
Rule 145/2057 applied. Total new triples: 1930
Rule 146/2057 applied. Total new triples: 1938
Rule 147/2057 applied. Total new triples: 1942
Rule 148/2057 applied. Total new triples: 1946
Rule 149/2057 applied. Total new triples: 2064
Rule 150/2057 applied. Total new triples: 2064
Rule 151/2057 applied. Total new triples: 2065
Rule 152/2057 applied. Total new triples: 2067
Rule 153/2057 applied. Total new triples: 2068
Rule 154/2057 applied. Total new triples: 2071
Rule 155/2057 applied. Total new triples: 2071
Rule 156/2057 applied. Total new triples: 2072
Rule 157/2057 applied. Total new triples: 2072
Rule 158/2057 applied. Total new triples: 2077
Rule 159/2057 applied. Total new triples: 2095
Rule 160/2057 applied. Total new triples: 2104
Rule 161/2057 applied. Total new triples: 2106
Rule 162/2057 applied. Total new triples: 2116
Rule 163/2057 applied. Total new triples: 2123
Rule 164/2057 applied. Total new triples: 2131
Rule 165/2057 applied. Total new triples: 2154
Rule 166/2057 applied. Total new triples: 2167
Rule 167/2057 applied. Total new triples: 2167
Rule 168/2057 applied. Total new triples: 2170
Rule 169/2057 applied. Total new triples: 2188
Rule 170/2057 applied. Total new triples: 2192
Rule 171/2057 applied. Total new triples: 2192
Rule 172/2057 applied. Total new triples: 2192
Rule 173/2057 applied. Total new triples: 2192
Rule 174/2057 applied. Total new triples: 2212
Rule 175/2057 applied. Total new triples: 2293
Rule 176/2057 applied. Total new triples: 2306
Rule 177/2057 applied. Total new triples: 2335
Rule 178/2057 applied. Total new triples: 2338
Rule 179/2057 applied. Total new triples: 2341
Rule 180/2057 applied. Total new triples: 2343
Rule 181/2057 applied. Total new triples: 2343
Rule 182/2057 applied. Total new triples: 2350
Rule 183/2057 applied. Total new triples: 2353
Rule 184/2057 applied. Total new triples: 2366
Rule 185/2057 applied. Total new triples: 2390
Rule 186/2057 applied. Total new triples: 2400
Rule 187/2057 applied. Total new triples: 2431
Rule 188/2057 applied. Total new triples: 2435
Rule 189/2057 applied. Total new triples: 2439
Rule 190/2057 applied. Total new triples: 2572
Rule 191/2057 applied. Total new triples: 2572
Rule 192/2057 applied. Total new triples: 2572
Rule 193/2057 applied. Total new triples: 2676
Rule 194/2057 applied. Total new triples: 2687
Rule 195/2057 applied. Total new triples: 2716
Rule 196/2057 applied. Total new triples: 2730
Rule 197/2057 applied. Total new triples: 2732
Rule 198/2057 applied. Total new triples: 2740
Rule 199/2057 applied. Total new triples: 2744
Rule 200/2057 applied. Total new triples: 2744
Rule 201/2057 applied. Total new triples: 2748
Rule 202/2057 applied. Total new triples: 2748
Rule 203/2057 applied. Total new triples: 2762
Rule 204/2057 applied. Total new triples: 2762
Rule 205/2057 applied. Total new triples: 2776
Rule 206/2057 applied. Total new triples: 2777
Rule 207/2057 applied. Total new triples: 2777
Rule 208/2057 applied. Total new triples: 2777
Rule 209/2057 applied. Total new triples: 2785
Rule 210/2057 applied. Total new triples: 2786
Rule 211/2057 applied. Total new triples: 2787
Rule 212/2057 applied. Total new triples: 2788
Rule 213/2057 applied. Total new triples: 2788
Rule 214/2057 applied. Total new triples: 2788
Rule 215/2057 applied. Total new triples: 2794
Rule 216/2057 applied. Total new triples: 2795
Rule 217/2057 applied. Total new triples: 2795
Rule 218/2057 applied. Total new triples: 2806
Rule 219/2057 applied. Total new triples: 2807
Rule 220/2057 applied. Total new triples: 2808
Rule 221/2057 applied. Total new triples: 2817
Rule 222/2057 applied. Total new triples: 2821
Rule 223/2057 applied. Total new triples: 2883
Rule 224/2057 applied. Total new triples: 2883
Rule 225/2057 applied. Total new triples: 2883
Rule 226/2057 applied. Total new triples: 2883
Rule 227/2057 applied. Total new triples: 2902
Rule 228/2057 applied. Total new triples: 2915
Rule 229/2057 applied. Total new triples: 2917
Rule 230/2057 applied. Total new triples: 2918
Rule 231/2057 applied. Total new triples: 2932
Rule 232/2057 applied. Total new triples: 2943
Rule 233/2057 applied. Total new triples: 2948
Rule 234/2057 applied. Total new triples: 2951
Rule 235/2057 applied. Total new triples: 2956
Rule 236/2057 applied. Total new triples: 2956
Rule 237/2057 applied. Total new triples: 2956
Rule 238/2057 applied. Total new triples: 2957
Rule 239/2057 applied. Total new triples: 2959
Rule 240/2057 applied. Total new triples: 2959
Rule 241/2057 applied. Total new triples: 2959
Rule 242/2057 applied. Total new triples: 2960
Rule 243/2057 applied. Total new triples: 2962
Rule 244/2057 applied. Total new triples: 2964
Rule 245/2057 applied. Total new triples: 2968
Rule 246/2057 applied. Total new triples: 2981
Rule 247/2057 applied. Total new triples: 2992
Rule 248/2057 applied. Total new triples: 2999
Rule 249/2057 applied. Total new triples: 3003
Rule 250/2057 applied. Total new triples: 3244
Rule 251/2057 applied. Total new triples: 3244
Rule 252/2057 applied. Total new triples: 3297
Rule 253/2057 applied. Total new triples: 3347
Rule 254/2057 applied. Total new triples: 3381
Rule 255/2057 applied. Total new triples: 3388
Rule 256/2057 applied. Total new triples: 3388
Rule 257/2057 applied. Total new triples: 3437
Rule 258/2057 applied. Total new triples: 3440
Rule 259/2057 applied. Total new triples: 3447
Rule 260/2057 applied. Total new triples: 3462
Rule 261/2057 applied. Total new triples: 3465
Rule 262/2057 applied. Total new triples: 3468
Rule 263/2057 applied. Total new triples: 3475
Rule 264/2057 applied. Total new triples: 3484
Rule 265/2057 applied. Total new triples: 3488
Rule 266/2057 applied. Total new triples: 3496
Rule 267/2057 applied. Total new triples: 3513
Rule 268/2057 applied. Total new triples: 3517
Rule 269/2057 applied. Total new triples: 3518
Rule 270/2057 applied. Total new triples: 3530
Rule 271/2057 applied. Total new triples: 3533
Rule 272/2057 applied. Total new triples: 3537
Rule 273/2057 applied. Total new triples: 3541
Rule 274/2057 applied. Total new triples: 3556
Rule 275/2057 applied. Total new triples: 3565
Rule 276/2057 applied. Total new triples: 3572
Rule 277/2057 applied. Total new triples: 3663
Rule 278/2057 applied. Total new triples: 3681
Rule 279/2057 applied. Total new triples: 3689
Rule 280/2057 applied. Total new triples: 3723
Rule 281/2057 applied. Total new triples: 3727
Rule 282/2057 applied. Total new triples: 3728
Rule 283/2057 applied. Total new triples: 3728
Rule 284/2057 applied. Total new triples: 3731
Rule 285/2057 applied. Total new triples: 3746
Rule 286/2057 applied. Total new triples: 3746
Rule 287/2057 applied. Total new triples: 3746
Rule 288/2057 applied. Total new triples: 3749
Rule 289/2057 applied. Total new triples: 3752
Rule 290/2057 applied. Total new triples: 3752
Rule 291/2057 applied. Total new triples: 3752
Rule 292/2057 applied. Total new triples: 3771
Rule 293/2057 applied. Total new triples: 3771
Rule 294/2057 applied. Total new triples: 3771
Rule 295/2057 applied. Total new triples: 3771
Rule 296/2057 applied. Total new triples: 3771
Rule 297/2057 applied. Total new triples: 3771
Rule 298/2057 applied. Total new triples: 3771
Rule 299/2057 applied. Total new triples: 3802
Rule 300/2057 applied. Total new triples: 3802
Rule 301/2057 applied. Total new triples: 3804
Rule 302/2057 applied. Total new triples: 3810
Rule 303/2057 applied. Total new triples: 3812
Rule 304/2057 applied. Total new triples: 3859
Rule 305/2057 applied. Total new triples: 3959
Rule 306/2057 applied. Total new triples: 3959
Rule 307/2057 applied. Total new triples: 3981
Rule 308/2057 applied. Total new triples: 4043
Rule 309/2057 applied. Total new triples: 4043
Rule 310/2057 applied. Total new triples: 4043
Rule 311/2057 applied. Total new triples: 4044
Rule 312/2057 applied. Total new triples: 4045
Rule 313/2057 applied. Total new triples: 4045
Rule 314/2057 applied. Total new triples: 4045
Rule 315/2057 applied. Total new triples: 4046
Rule 316/2057 applied. Total new triples: 4052
Rule 317/2057 applied. Total new triples: 4052
Rule 318/2057 applied. Total new triples: 4052
Rule 319/2057 applied. Total new triples: 4052
Rule 320/2057 applied. Total new triples: 4052
Rule 321/2057 applied. Total new triples: 4053
Rule 322/2057 applied. Total new triples: 4053
Rule 323/2057 applied. Total new triples: 4054
Rule 324/2057 applied. Total new triples: 4055
Rule 325/2057 applied. Total new triples: 4056
Rule 326/2057 applied. Total new triples: 4056
Rule 327/2057 applied. Total new triples: 4057
Rule 328/2057 applied. Total new triples: 4059
Rule 329/2057 applied. Total new triples: 4059
Rule 330/2057 applied. Total new triples: 4066
Rule 331/2057 applied. Total new triples: 4067
Rule 332/2057 applied. Total new triples: 4068
Rule 333/2057 applied. Total new triples: 4069
Rule 334/2057 applied. Total new triples: 4076
Rule 335/2057 applied. Total new triples: 4092
Rule 336/2057 applied. Total new triples: 4093
Rule 337/2057 applied. Total new triples: 4094
Rule 338/2057 applied. Total new triples: 4134
Rule 339/2057 applied. Total new triples: 4141
Rule 340/2057 applied. Total new triples: 4141
Rule 341/2057 applied. Total new triples: 4204
Rule 342/2057 applied. Total new triples: 4219
Rule 343/2057 applied. Total new triples: 4226
Rule 344/2057 applied. Total new triples: 4234
Rule 345/2057 applied. Total new triples: 4275
Rule 346/2057 applied. Total new triples: 4322
Rule 347/2057 applied. Total new triples: 4324
Rule 348/2057 applied. Total new triples: 4325
Rule 349/2057 applied. Total new triples: 4326
Rule 350/2057 applied. Total new triples: 4326
Rule 351/2057 applied. Total new triples: 4326
Rule 352/2057 applied. Total new triples: 4327
Rule 353/2057 applied. Total new triples: 4328
Rule 354/2057 applied. Total new triples: 4329
Rule 355/2057 applied. Total new triples: 4331
Rule 356/2057 applied. Total new triples: 4333
Rule 357/2057 applied. Total new triples: 4334
Rule 358/2057 applied. Total new triples: 4336
Rule 359/2057 applied. Total new triples: 4336
Rule 360/2057 applied. Total new triples: 4338
Rule 361/2057 applied. Total new triples: 4340
Rule 362/2057 applied. Total new triples: 4342
Rule 363/2057 applied. Total new triples: 4359
Rule 364/2057 applied. Total new triples: 4369
Rule 365/2057 applied. Total new triples: 4386
Rule 366/2057 applied. Total new triples: 4391
Rule 367/2057 applied. Total new triples: 4394
Rule 368/2057 applied. Total new triples: 4395
Rule 369/2057 applied. Total new triples: 4396
Rule 370/2057 applied. Total new triples: 4397
Rule 371/2057 applied. Total new triples: 4399
Rule 372/2057 applied. Total new triples: 4400
Rule 373/2057 applied. Total new triples: 4400
Rule 374/2057 applied. Total new triples: 4400
Rule 375/2057 applied. Total new triples: 4424
Rule 376/2057 applied. Total new triples: 4435
Rule 377/2057 applied. Total new triples: 4438
Rule 378/2057 applied. Total new triples: 4441
Rule 379/2057 applied. Total new triples: 4450
Rule 380/2057 applied. Total new triples: 4458
Rule 381/2057 applied. Total new triples: 4464
Rule 382/2057 applied. Total new triples: 4540
Rule 383/2057 applied. Total new triples: 4557
Rule 384/2057 applied. Total new triples: 4557
Rule 385/2057 applied. Total new triples: 4559
Rule 386/2057 applied. Total new triples: 4561
Rule 387/2057 applied. Total new triples: 4561
Rule 388/2057 applied. Total new triples: 4562
Rule 389/2057 applied. Total new triples: 4564
Rule 390/2057 applied. Total new triples: 4568
Rule 391/2057 applied. Total new triples: 4572
Rule 392/2057 applied. Total new triples: 4575
Rule 393/2057 applied. Total new triples: 4575
Rule 394/2057 applied. Total new triples: 4578
Rule 395/2057 applied. Total new triples: 4601
Rule 396/2057 applied. Total new triples: 4604
Rule 397/2057 applied. Total new triples: 4608
Rule 398/2057 applied. Total new triples: 4609
Rule 399/2057 applied. Total new triples: 4610
Rule 400/2057 applied. Total new triples: 4612
Rule 401/2057 applied. Total new triples: 4615
Rule 402/2057 applied. Total new triples: 4621
Rule 403/2057 applied. Total new triples: 4627
Rule 404/2057 applied. Total new triples: 4657
Rule 405/2057 applied. Total new triples: 4701
Rule 406/2057 applied. Total new triples: 4708
Rule 407/2057 applied. Total new triples: 4708
Rule 408/2057 applied. Total new triples: 4715
Rule 409/2057 applied. Total new triples: 4717
Rule 410/2057 applied. Total new triples: 4734
Rule 411/2057 applied. Total new triples: 4739
Rule 412/2057 applied. Total new triples: 4749
Rule 413/2057 applied. Total new triples: 4760
Rule 414/2057 applied. Total new triples: 5458
Rule 415/2057 applied. Total new triples: 5458
Rule 416/2057 applied. Total new triples: 5619
Rule 417/2057 applied. Total new triples: 5631
Rule 418/2057 applied. Total new triples: 5660
Rule 419/2057 applied. Total new triples: 5675
Rule 420/2057 applied. Total new triples: 5690
Rule 421/2057 applied. Total new triples: 5718
Rule 422/2057 applied. Total new triples: 5722
Rule 423/2057 applied. Total new triples: 5908
Rule 424/2057 applied. Total new triples: 5908
Rule 425/2057 applied. Total new triples: 5916
Rule 426/2057 applied. Total new triples: 5933
Rule 427/2057 applied. Total new triples: 5948
Rule 428/2057 applied. Total new triples: 5963
Rule 429/2057 applied. Total new triples: 5981
Rule 430/2057 applied. Total new triples: 5996
Rule 431/2057 applied. Total new triples: 6011
Rule 432/2057 applied. Total new triples: 6011
Rule 433/2057 applied. Total new triples: 6012
Rule 434/2057 applied. Total new triples: 6041
Rule 435/2057 applied. Total new triples: 6227
Rule 436/2057 applied. Total new triples: 6290
Rule 437/2057 applied. Total new triples: 6322
Rule 438/2057 applied. Total new triples: 6374
Rule 439/2057 applied. Total new triples: 6387
Rule 440/2057 applied. Total new triples: 6387
Rule 441/2057 applied. Total new triples: 6387
Rule 442/2057 applied. Total new triples: 6388
Rule 443/2057 applied. Total new triples: 6389
Rule 444/2057 applied. Total new triples: 6392
Rule 445/2057 applied. Total new triples: 6394
Rule 446/2057 applied. Total new triples: 6394
Rule 447/2057 applied. Total new triples: 6401
Rule 448/2057 applied. Total new triples: 6415
Rule 449/2057 applied. Total new triples: 6418
Rule 450/2057 applied. Total new triples: 6418
Rule 451/2057 applied. Total new triples: 6421
Rule 452/2057 applied. Total new triples: 6423
Rule 453/2057 applied. Total new triples: 6423
Rule 454/2057 applied. Total new triples: 6424
Rule 455/2057 applied. Total new triples: 6424
Rule 456/2057 applied. Total new triples: 6424
Rule 457/2057 applied. Total new triples: 6425
Rule 458/2057 applied. Total new triples: 6425
Rule 459/2057 applied. Total new triples: 6438
Rule 460/2057 applied. Total new triples: 6439
Rule 461/2057 applied. Total new triples: 6452
Rule 462/2057 applied. Total new triples: 6455
Rule 463/2057 applied. Total new triples: 6457
Rule 464/2057 applied. Total new triples: 6459
Rule 465/2057 applied. Total new triples: 6460
Rule 466/2057 applied. Total new triples: 6460
Rule 467/2057 applied. Total new triples: 6460
Rule 468/2057 applied. Total new triples: 6460
Rule 469/2057 applied. Total new triples: 6460
Rule 470/2057 applied. Total new triples: 6461
Rule 471/2057 applied. Total new triples: 6463
Rule 472/2057 applied. Total new triples: 6465
Rule 473/2057 applied. Total new triples: 6465
Rule 474/2057 applied. Total new triples: 6466
Rule 475/2057 applied. Total new triples: 6470
Rule 476/2057 applied. Total new triples: 6470
Rule 477/2057 applied. Total new triples: 6479
Rule 478/2057 applied. Total new triples: 6479
Rule 479/2057 applied. Total new triples: 6479
Rule 480/2057 applied. Total new triples: 6479
Rule 481/2057 applied. Total new triples: 6479
Rule 482/2057 applied. Total new triples: 6480
Rule 483/2057 applied. Total new triples: 6481
Rule 484/2057 applied. Total new triples: 6481
Rule 485/2057 applied. Total new triples: 6484
Rule 486/2057 applied. Total new triples: 6484
Rule 487/2057 applied. Total new triples: 6487
Rule 488/2057 applied. Total new triples: 6488
Rule 489/2057 applied. Total new triples: 6490
Rule 490/2057 applied. Total new triples: 6490
Rule 491/2057 applied. Total new triples: 6491
Rule 492/2057 applied. Total new triples: 6496
Rule 493/2057 applied. Total new triples: 6497
Rule 494/2057 applied. Total new triples: 6498
Rule 495/2057 applied. Total new triples: 6498
Rule 496/2057 applied. Total new triples: 6499
Rule 497/2057 applied. Total new triples: 6522
Rule 498/2057 applied. Total new triples: 6522
Rule 499/2057 applied. Total new triples: 6529
Rule 500/2057 applied. Total new triples: 6531
Rule 501/2057 applied. Total new triples: 6531
Rule 502/2057 applied. Total new triples: 6531
Rule 503/2057 applied. Total new triples: 6533
Rule 504/2057 applied. Total new triples: 6534
Rule 505/2057 applied. Total new triples: 6535
Rule 506/2057 applied. Total new triples: 6539
Rule 507/2057 applied. Total new triples: 6541
Rule 508/2057 applied. Total new triples: 6541
Rule 509/2057 applied. Total new triples: 6541
Rule 510/2057 applied. Total new triples: 6564
Rule 511/2057 applied. Total new triples: 6564
Rule 512/2057 applied. Total new triples: 6565
Rule 513/2057 applied. Total new triples: 6568
Rule 514/2057 applied. Total new triples: 6570
Rule 515/2057 applied. Total new triples: 6570
Rule 516/2057 applied. Total new triples: 6570
Rule 517/2057 applied. Total new triples: 6572
Rule 518/2057 applied. Total new triples: 6572
Rule 519/2057 applied. Total new triples: 6572
Rule 520/2057 applied. Total new triples: 6572
Rule 521/2057 applied. Total new triples: 6573
Rule 522/2057 applied. Total new triples: 6574
Rule 523/2057 applied. Total new triples: 6587
Rule 524/2057 applied. Total new triples: 6599
Rule 525/2057 applied. Total new triples: 6602
Rule 526/2057 applied. Total new triples: 6602
Rule 527/2057 applied. Total new triples: 6602
Rule 528/2057 applied. Total new triples: 6615
Rule 529/2057 applied. Total new triples: 6619
Rule 530/2057 applied. Total new triples: 6653
Rule 531/2057 applied. Total new triples: 6655
Rule 532/2057 applied. Total new triples: 6657
Rule 533/2057 applied. Total new triples: 6659
Rule 534/2057 applied. Total new triples: 6661
Rule 535/2057 applied. Total new triples: 6690
Rule 536/2057 applied. Total new triples: 6697
Rule 537/2057 applied. Total new triples: 6703
Rule 538/2057 applied. Total new triples: 6704
Rule 539/2057 applied. Total new triples: 6704
Rule 540/2057 applied. Total new triples: 6705
Rule 541/2057 applied. Total new triples: 6705
Rule 542/2057 applied. Total new triples: 6705
Rule 543/2057 applied. Total new triples: 6706
Rule 544/2057 applied. Total new triples: 6708
Rule 545/2057 applied. Total new triples: 6715
Rule 546/2057 applied. Total new triples: 6720
Rule 547/2057 applied. Total new triples: 6723
Rule 548/2057 applied. Total new triples: 6723
Rule 549/2057 applied. Total new triples: 6749
Rule 550/2057 applied. Total new triples: 6752
Rule 551/2057 applied. Total new triples: 6757
Rule 552/2057 applied. Total new triples: 6757
Rule 553/2057 applied. Total new triples: 6758
Rule 554/2057 applied. Total new triples: 6759
Rule 555/2057 applied. Total new triples: 6762
Rule 556/2057 applied. Total new triples: 6821
Rule 557/2057 applied. Total new triples: 6881
Rule 558/2057 applied. Total new triples: 7253
Rule 559/2057 applied. Total new triples: 7254
Rule 560/2057 applied. Total new triples: 7254
Rule 561/2057 applied. Total new triples: 7287
Rule 562/2057 applied. Total new triples: 7287
Rule 563/2057 applied. Total new triples: 7287
Rule 564/2057 applied. Total new triples: 7308
Rule 565/2057 applied. Total new triples: 7340
Rule 566/2057 applied. Total new triples: 7367
Rule 567/2057 applied. Total new triples: 7369
Rule 568/2057 applied. Total new triples: 7377
Rule 569/2057 applied. Total new triples: 7399
Rule 570/2057 applied. Total new triples: 7452
Rule 571/2057 applied. Total new triples: 7534
Rule 572/2057 applied. Total new triples: 7538
Rule 573/2057 applied. Total new triples: 7561
Rule 574/2057 applied. Total new triples: 7561
Rule 575/2057 applied. Total new triples: 7568
Rule 576/2057 applied. Total new triples: 7740
Rule 577/2057 applied. Total new triples: 7762
Rule 578/2057 applied. Total new triples: 7779
Rule 579/2057 applied. Total new triples: 7793
Rule 580/2057 applied. Total new triples: 7794
Rule 581/2057 applied. Total new triples: 7794
Rule 582/2057 applied. Total new triples: 7829
Rule 583/2057 applied. Total new triples: 7931
Rule 584/2057 applied. Total new triples: 7931
Rule 585/2057 applied. Total new triples: 7931
Rule 586/2057 applied. Total new triples: 7931
Rule 587/2057 applied. Total new triples: 7963
Rule 588/2057 applied. Total new triples: 7963
Rule 589/2057 applied. Total new triples: 8008
Rule 590/2057 applied. Total new triples: 8021
Rule 591/2057 applied. Total new triples: 8029
Rule 592/2057 applied. Total new triples: 8040
Rule 593/2057 applied. Total new triples: 8054
Rule 594/2057 applied. Total new triples: 8054
Rule 595/2057 applied. Total new triples: 8060
Rule 596/2057 applied. Total new triples: 8071
Rule 597/2057 applied. Total new triples: 8120
Rule 598/2057 applied. Total new triples: 8125
Rule 599/2057 applied. Total new triples: 8228
Rule 600/2057 applied. Total new triples: 8228
Rule 601/2057 applied. Total new triples: 8228
Rule 602/2057 applied. Total new triples: 8264
Rule 603/2057 applied. Total new triples: 8289
Rule 604/2057 applied. Total new triples: 8401
Rule 605/2057 applied. Total new triples: 8415
Rule 606/2057 applied. Total new triples: 8449
Rule 607/2057 applied. Total new triples: 8476
Rule 608/2057 applied. Total new triples: 8485
Rule 609/2057 applied. Total new triples: 8489
Rule 610/2057 applied. Total new triples: 8498
Rule 611/2057 applied. Total new triples: 8506
Rule 612/2057 applied. Total new triples: 8506
Rule 613/2057 applied. Total new triples: 8554
Rule 614/2057 applied. Total new triples: 8554
Rule 615/2057 applied. Total new triples: 8583
Rule 616/2057 applied. Total new triples: 8587
Rule 617/2057 applied. Total new triples: 8595
Rule 618/2057 applied. Total new triples: 8603
Rule 619/2057 applied. Total new triples: 8615
Rule 620/2057 applied. Total new triples: 8649
Rule 621/2057 applied. Total new triples: 8649
Rule 622/2057 applied. Total new triples: 8656
Rule 623/2057 applied. Total new triples: 8659
Rule 624/2057 applied. Total new triples: 8662
Rule 625/2057 applied. Total new triples: 8663
Rule 626/2057 applied. Total new triples: 8670
Rule 627/2057 applied. Total new triples: 8674
Rule 628/2057 applied. Total new triples: 8681
Rule 629/2057 applied. Total new triples: 8681
Rule 630/2057 applied. Total new triples: 8733
Rule 631/2057 applied. Total new triples: 8802
Rule 632/2057 applied. Total new triples: 8802
Rule 633/2057 applied. Total new triples: 8802
Rule 634/2057 applied. Total new triples: 8802
Rule 635/2057 applied. Total new triples: 8802
Rule 636/2057 applied. Total new triples: 8805
Rule 637/2057 applied. Total new triples: 8808
Rule 638/2057 applied. Total new triples: 8812
Rule 639/2057 applied. Total new triples: 8818
Rule 640/2057 applied. Total new triples: 8846
Rule 641/2057 applied. Total new triples: 8846
Rule 642/2057 applied. Total new triples: 8846
Rule 643/2057 applied. Total new triples: 8847
Rule 644/2057 applied. Total new triples: 8848
Rule 645/2057 applied. Total new triples: 8849
Rule 646/2057 applied. Total new triples: 8860
Rule 647/2057 applied. Total new triples: 8861
Rule 648/2057 applied. Total new triples: 8861
Rule 649/2057 applied. Total new triples: 8865
Rule 650/2057 applied. Total new triples: 8880
Rule 651/2057 applied. Total new triples: 8894
Rule 652/2057 applied. Total new triples: 8925
Rule 653/2057 applied. Total new triples: 8925
Rule 654/2057 applied. Total new triples: 8939
Rule 655/2057 applied. Total new triples: 9303
Rule 656/2057 applied. Total new triples: 9303
Rule 657/2057 applied. Total new triples: 9307
Rule 658/2057 applied. Total new triples: 9307
Rule 659/2057 applied. Total new triples: 9308
Rule 660/2057 applied. Total new triples: 9310
Rule 661/2057 applied. Total new triples: 9313
Rule 662/2057 applied. Total new triples: 9317
Rule 663/2057 applied. Total new triples: 9319
Rule 664/2057 applied. Total new triples: 9319
Rule 665/2057 applied. Total new triples: 9322
Rule 666/2057 applied. Total new triples: 9322
Rule 667/2057 applied. Total new triples: 9322
Rule 668/2057 applied. Total new triples: 9323
Rule 669/2057 applied. Total new triples: 9323
Rule 670/2057 applied. Total new triples: 9327
Rule 671/2057 applied. Total new triples: 9344
Rule 672/2057 applied. Total new triples: 9347
Rule 673/2057 applied. Total new triples: 9350
Rule 674/2057 applied. Total new triples: 9351
Rule 675/2057 applied. Total new triples: 9351
Rule 676/2057 applied. Total new triples: 9376
Rule 677/2057 applied. Total new triples: 9386
Rule 678/2057 applied. Total new triples: 9386
Rule 679/2057 applied. Total new triples: 9386
Rule 680/2057 applied. Total new triples: 9386
Rule 681/2057 applied. Total new triples: 9386
Rule 682/2057 applied. Total new triples: 9387
Rule 683/2057 applied. Total new triples: 9387
Rule 684/2057 applied. Total new triples: 9390
Rule 685/2057 applied. Total new triples: 9399
Rule 686/2057 applied. Total new triples: 9402
Rule 687/2057 applied. Total new triples: 9403
Rule 688/2057 applied. Total new triples: 9403
Rule 689/2057 applied. Total new triples: 9405
Rule 690/2057 applied. Total new triples: 9407
Rule 691/2057 applied. Total new triples: 9409
Rule 692/2057 applied. Total new triples: 9417
Rule 693/2057 applied. Total new triples: 9417
Rule 694/2057 applied. Total new triples: 9417
Rule 695/2057 applied. Total new triples: 9420
Rule 696/2057 applied. Total new triples: 9420
Rule 697/2057 applied. Total new triples: 9431
Rule 698/2057 applied. Total new triples: 9434
Rule 699/2057 applied. Total new triples: 9437
Rule 700/2057 applied. Total new triples: 9448
Rule 701/2057 applied. Total new triples: 9450
Rule 702/2057 applied. Total new triples: 9453
Rule 703/2057 applied. Total new triples: 9455
Rule 704/2057 applied. Total new triples: 9458
Rule 705/2057 applied. Total new triples: 9460
Rule 706/2057 applied. Total new triples: 9471
Rule 707/2057 applied. Total new triples: 9599
Rule 708/2057 applied. Total new triples: 9599
Rule 709/2057 applied. Total new triples: 9599
Rule 710/2057 applied. Total new triples: 9599
Rule 711/2057 applied. Total new triples: 9609
Rule 712/2057 applied. Total new triples: 9619
Rule 713/2057 applied. Total new triples: 9666
Rule 714/2057 applied. Total new triples: 9666
Rule 715/2057 applied. Total new triples: 9696
Rule 716/2057 applied. Total new triples: 9720
Rule 717/2057 applied. Total new triples: 9768
Rule 718/2057 applied. Total new triples: 9770
Rule 719/2057 applied. Total new triples: 9776
Rule 720/2057 applied. Total new triples: 9776
Rule 721/2057 applied. Total new triples: 9776
Rule 722/2057 applied. Total new triples: 9777
Rule 723/2057 applied. Total new triples: 9779
Rule 724/2057 applied. Total new triples: 9781
Rule 725/2057 applied. Total new triples: 9820
Rule 726/2057 applied. Total new triples: 9820
Rule 727/2057 applied. Total new triples: 9820
Rule 728/2057 applied. Total new triples: 9821
Rule 729/2057 applied. Total new triples: 9821
Rule 730/2057 applied. Total new triples: 9824
Rule 731/2057 applied. Total new triples: 9824
Rule 732/2057 applied. Total new triples: 9826
Rule 733/2057 applied. Total new triples: 9828
Rule 734/2057 applied. Total new triples: 9830
Rule 735/2057 applied. Total new triples: 9832
Rule 736/2057 applied. Total new triples: 9834
Rule 737/2057 applied. Total new triples: 9839
Rule 738/2057 applied. Total new triples: 9841
Rule 739/2057 applied. Total new triples: 9843
Rule 740/2057 applied. Total new triples: 9845
Rule 741/2057 applied. Total new triples: 9847
Rule 742/2057 applied. Total new triples: 9852
Rule 743/2057 applied. Total new triples: 9854
Rule 744/2057 applied. Total new triples: 9856
Rule 745/2057 applied. Total new triples: 9858
Rule 746/2057 applied. Total new triples: 10002
Rule 747/2057 applied. Total new triples: 10002
Rule 748/2057 applied. Total new triples: 10013
Rule 749/2057 applied. Total new triples: 10014
Rule 750/2057 applied. Total new triples: 10014
Rule 751/2057 applied. Total new triples: 10023
Rule 752/2057 applied. Total new triples: 10030
Rule 753/2057 applied. Total new triples: 10033
Rule 754/2057 applied. Total new triples: 10033
Rule 755/2057 applied. Total new triples: 10038
Rule 756/2057 applied. Total new triples: 10046
Rule 757/2057 applied. Total new triples: 10054
Rule 758/2057 applied. Total new triples: 10062
Rule 759/2057 applied. Total new triples: 10101
Rule 760/2057 applied. Total new triples: 10101
Rule 761/2057 applied. Total new triples: 10218
Rule 762/2057 applied. Total new triples: 10218
Rule 763/2057 applied. Total new triples: 10218
Rule 764/2057 applied. Total new triples: 25719
Rule 765/2057 applied. Total new triples: 25727
Rule 766/2057 applied. Total new triples: 25762
Rule 767/2057 applied. Total new triples: 25776
Rule 768/2057 applied. Total new triples: 25784
Rule 769/2057 applied. Total new triples: 25784
Rule 770/2057 applied. Total new triples: 25784
Rule 771/2057 applied. Total new triples: 25784
Rule 772/2057 applied. Total new triples: 25784
Rule 773/2057 applied. Total new triples: 36137
Rule 774/2057 applied. Total new triples: 36159
Rule 775/2057 applied. Total new triples: 36191
Rule 776/2057 applied. Total new triples: 36191
Rule 777/2057 applied. Total new triples: 36191
Rule 778/2057 applied. Total new triples: 36191
Rule 779/2057 applied. Total new triples: 36191
Rule 780/2057 applied. Total new triples: 36198
Rule 781/2057 applied. Total new triples: 36202
Rule 782/2057 applied. Total new triples: 36202
Rule 783/2057 applied. Total new triples: 36252
Rule 784/2057 applied. Total new triples: 36255
Rule 785/2057 applied. Total new triples: 36255
Rule 786/2057 applied. Total new triples: 36255
Rule 787/2057 applied. Total new triples: 36256
Rule 788/2057 applied. Total new triples: 36256
Rule 789/2057 applied. Total new triples: 36257
Rule 790/2057 applied. Total new triples: 36258
Rule 791/2057 applied. Total new triples: 36271
Rule 792/2057 applied. Total new triples: 36272
Rule 793/2057 applied. Total new triples: 36288
Rule 794/2057 applied. Total new triples: 36289
Rule 795/2057 applied. Total new triples: 36290
Rule 796/2057 applied. Total new triples: 36399
Rule 797/2057 applied. Total new triples: 36453
Rule 798/2057 applied. Total new triples: 36510
Rule 799/2057 applied. Total new triples: 36787
Rule 800/2057 applied. Total new triples: 36787
Rule 801/2057 applied. Total new triples: 36787
Rule 802/2057 applied. Total new triples: 36808
Rule 803/2057 applied. Total new triples: 36815
Rule 804/2057 applied. Total new triples: 36839
Rule 805/2057 applied. Total new triples: 36845
Rule 806/2057 applied. Total new triples: 36848
Rule 807/2057 applied. Total new triples: 36861
Rule 808/2057 applied. Total new triples: 36865
Rule 809/2057 applied. Total new triples: 36886
Rule 810/2057 applied. Total new triples: 36890
Rule 811/2057 applied. Total new triples: 36896
Rule 812/2057 applied. Total new triples: 36896
Rule 813/2057 applied. Total new triples: 36896
Rule 814/2057 applied. Total new triples: 36898
Rule 815/2057 applied. Total new triples: 36903
Rule 816/2057 applied. Total new triples: 36920
Rule 817/2057 applied. Total new triples: 36920
Rule 818/2057 applied. Total new triples: 36951
Rule 819/2057 applied. Total new triples: 36960
Rule 820/2057 applied. Total new triples: 36960
Rule 821/2057 applied. Total new triples: 36993
Rule 822/2057 applied. Total new triples: 37008
Rule 823/2057 applied. Total new triples: 37047
Rule 824/2057 applied. Total new triples: 37080
Rule 825/2057 applied. Total new triples: 37139
Rule 826/2057 applied. Total new triples: 37146
Rule 827/2057 applied. Total new triples: 37147
Rule 828/2057 applied. Total new triples: 37151
Rule 829/2057 applied. Total new triples: 37151
Rule 830/2057 applied. Total new triples: 37152
Rule 831/2057 applied. Total new triples: 37153
Rule 832/2057 applied. Total new triples: 37153
Rule 833/2057 applied. Total new triples: 37155
Rule 834/2057 applied. Total new triples: 37157
Rule 835/2057 applied. Total new triples: 37162
Rule 836/2057 applied. Total new triples: 37162
Rule 837/2057 applied. Total new triples: 37162
Rule 838/2057 applied. Total new triples: 37167
Rule 839/2057 applied. Total new triples: 37196
Rule 840/2057 applied. Total new triples: 37198
Rule 841/2057 applied. Total new triples: 37198
Rule 842/2057 applied. Total new triples: 37198
Rule 843/2057 applied. Total new triples: 37198
Rule 844/2057 applied. Total new triples: 37198
Rule 845/2057 applied. Total new triples: 37198
Rule 846/2057 applied. Total new triples: 37198
Rule 847/2057 applied. Total new triples: 37198
Rule 848/2057 applied. Total new triples: 37200
Rule 849/2057 applied. Total new triples: 37200
Rule 850/2057 applied. Total new triples: 37200
Rule 851/2057 applied. Total new triples: 37202
Rule 852/2057 applied. Total new triples: 37202
Rule 853/2057 applied. Total new triples: 37202
Rule 854/2057 applied. Total new triples: 37202
Rule 855/2057 applied. Total new triples: 37202
Rule 856/2057 applied. Total new triples: 37206
Rule 857/2057 applied. Total new triples: 37206
Rule 858/2057 applied. Total new triples: 37212
Rule 859/2057 applied. Total new triples: 37212
Rule 860/2057 applied. Total new triples: 37212
Rule 861/2057 applied. Total new triples: 37252
Rule 862/2057 applied. Total new triples: 37276
Rule 863/2057 applied. Total new triples: 37276
Rule 864/2057 applied. Total new triples: 37277
Rule 865/2057 applied. Total new triples: 37316
Rule 866/2057 applied. Total new triples: 37316
Rule 867/2057 applied. Total new triples: 37316
Rule 868/2057 applied. Total new triples: 37361
Rule 869/2057 applied. Total new triples: 37386
Rule 870/2057 applied. Total new triples: 37386
Rule 871/2057 applied. Total new triples: 37403
Rule 872/2057 applied. Total new triples: 37441
Rule 873/2057 applied. Total new triples: 37441
Rule 874/2057 applied. Total new triples: 37460
Rule 875/2057 applied. Total new triples: 37478
Rule 876/2057 applied. Total new triples: 37533
Rule 877/2057 applied. Total new triples: 37533
Rule 878/2057 applied. Total new triples: 37542
Rule 879/2057 applied. Total new triples: 37542
Rule 880/2057 applied. Total new triples: 37545
Rule 881/2057 applied. Total new triples: 37551
Rule 882/2057 applied. Total new triples: 37597
Rule 883/2057 applied. Total new triples: 37615
Rule 884/2057 applied. Total new triples: 37649
Rule 885/2057 applied. Total new triples: 37875
Rule 886/2057 applied. Total new triples: 37882
Rule 887/2057 applied. Total new triples: 37919
Rule 888/2057 applied. Total new triples: 37919
Rule 889/2057 applied. Total new triples: 37939
Rule 890/2057 applied. Total new triples: 37941
Rule 891/2057 applied. Total new triples: 37941
Rule 892/2057 applied. Total new triples: 37945
Rule 893/2057 applied. Total new triples: 37948
Rule 894/2057 applied. Total new triples: 37951
Rule 895/2057 applied. Total new triples: 37955
Rule 896/2057 applied. Total new triples: 37958
Rule 897/2057 applied. Total new triples: 37960
Rule 898/2057 applied. Total new triples: 37964
Rule 899/2057 applied. Total new triples: 37975
Rule 900/2057 applied. Total new triples: 37978
Rule 901/2057 applied. Total new triples: 37979
Rule 902/2057 applied. Total new triples: 37983
Rule 903/2057 applied. Total new triples: 37987
Rule 904/2057 applied. Total new triples: 37988
Rule 905/2057 applied. Total new triples: 37988
Rule 906/2057 applied. Total new triples: 37992
Rule 907/2057 applied. Total new triples: 37996
Rule 908/2057 applied. Total new triples: 38009
Rule 909/2057 applied. Total new triples: 38012
Rule 910/2057 applied. Total new triples: 38012
Rule 911/2057 applied. Total new triples: 38014
Rule 912/2057 applied. Total new triples: 38036
Rule 913/2057 applied. Total new triples: 38062
Rule 914/2057 applied. Total new triples: 38141
Rule 915/2057 applied. Total new triples: 38212
Rule 916/2057 applied. Total new triples: 38230
Rule 917/2057 applied. Total new triples: 38244
Rule 918/2057 applied. Total new triples: 38244
Rule 919/2057 applied. Total new triples: 38247
Rule 920/2057 applied. Total new triples: 38248
Rule 921/2057 applied. Total new triples: 38255
Rule 922/2057 applied. Total new triples: 38260
Rule 923/2057 applied. Total new triples: 38268
Rule 924/2057 applied. Total new triples: 38274
Rule 925/2057 applied. Total new triples: 38276
Rule 926/2057 applied. Total new triples: 38284
Rule 927/2057 applied. Total new triples: 38292
Rule 928/2057 applied. Total new triples: 38294
Rule 929/2057 applied. Total new triples: 38305
Rule 930/2057 applied. Total new triples: 38305
Rule 931/2057 applied. Total new triples: 38311
Rule 932/2057 applied. Total new triples: 38315
Rule 933/2057 applied. Total new triples: 38327
Rule 934/2057 applied. Total new triples: 38459
Rule 935/2057 applied. Total new triples: 38465
Rule 936/2057 applied. Total new triples: 38495
Rule 937/2057 applied. Total new triples: 38515
Rule 938/2057 applied. Total new triples: 38535
Rule 939/2057 applied. Total new triples: 38580
Rule 940/2057 applied. Total new triples: 38605
Rule 941/2057 applied. Total new triples: 38737
Rule 942/2057 applied. Total new triples: 38737
Rule 943/2057 applied. Total new triples: 38737
Rule 944/2057 applied. Total new triples: 38769
Rule 945/2057 applied. Total new triples: 38769
Rule 946/2057 applied. Total new triples: 38771
Rule 947/2057 applied. Total new triples: 38781
Rule 948/2057 applied. Total new triples: 38784
Rule 949/2057 applied. Total new triples: 38787
Rule 950/2057 applied. Total new triples: 38789
Rule 951/2057 applied. Total new triples: 38789
Rule 952/2057 applied. Total new triples: 38789
Rule 953/2057 applied. Total new triples: 38792
Rule 954/2057 applied. Total new triples: 38793
Rule 955/2057 applied. Total new triples: 38828
Rule 956/2057 applied. Total new triples: 38830
Rule 957/2057 applied. Total new triples: 38832
Rule 958/2057 applied. Total new triples: 38843
Rule 959/2057 applied. Total new triples: 38853
Rule 960/2057 applied. Total new triples: 38856
Rule 961/2057 applied. Total new triples: 38856
Rule 962/2057 applied. Total new triples: 38862
Rule 963/2057 applied. Total new triples: 38863
Rule 964/2057 applied. Total new triples: 38863
Rule 965/2057 applied. Total new triples: 38864
Rule 966/2057 applied. Total new triples: 38871
Rule 967/2057 applied. Total new triples: 38873
Rule 968/2057 applied. Total new triples: 38875
Rule 969/2057 applied. Total new triples: 38890
Rule 970/2057 applied. Total new triples: 38898
Rule 971/2057 applied. Total new triples: 38901
Rule 972/2057 applied. Total new triples: 38902
Rule 973/2057 applied. Total new triples: 38902
Rule 974/2057 applied. Total new triples: 38905
Rule 975/2057 applied. Total new triples: 38905
Rule 976/2057 applied. Total new triples: 38907
Rule 977/2057 applied. Total new triples: 38907
Rule 978/2057 applied. Total new triples: 38908
Rule 979/2057 applied. Total new triples: 38909
Rule 980/2057 applied. Total new triples: 38913
Rule 981/2057 applied. Total new triples: 38916
Rule 982/2057 applied. Total new triples: 38919
Rule 983/2057 applied. Total new triples: 38922
Rule 984/2057 applied. Total new triples: 38922
Rule 985/2057 applied. Total new triples: 38925
Rule 986/2057 applied. Total new triples: 38981
Rule 987/2057 applied. Total new triples: 38982
Rule 988/2057 applied. Total new triples: 38982
Rule 989/2057 applied. Total new triples: 38985
Rule 990/2057 applied. Total new triples: 38988
Rule 991/2057 applied. Total new triples: 38989
Rule 992/2057 applied. Total new triples: 38997
Rule 993/2057 applied. Total new triples: 39046
Rule 994/2057 applied. Total new triples: 39137
Rule 995/2057 applied. Total new triples: 39137
Rule 996/2057 applied. Total new triples: 39240
Rule 997/2057 applied. Total new triples: 39292
Rule 998/2057 applied. Total new triples: 39294
Rule 999/2057 applied. Total new triples: 39300
Rule 1000/2057 applied. Total new triples: 39314
Rule 1001/2057 applied. Total new triples: 39314
Rule 1002/2057 applied. Total new triples: 39314
Rule 1003/2057 applied. Total new triples: 40222
Rule 1004/2057 applied. Total new triples: 40222
Rule 1005/2057 applied. Total new triples: 40222
Rule 1006/2057 applied. Total new triples: 40222
Rule 1007/2057 applied. Total new triples: 40242
Rule 1008/2057 applied. Total new triples: 40242
Rule 1009/2057 applied. Total new triples: 40251
Rule 1010/2057 applied. Total new triples: 40251
Rule 1011/2057 applied. Total new triples: 40256
Rule 1012/2057 applied. Total new triples: 40379
Rule 1013/2057 applied. Total new triples: 40388
Rule 1014/2057 applied. Total new triples: 40388
Rule 1015/2057 applied. Total new triples: 40394
Rule 1016/2057 applied. Total new triples: 40399
Rule 1017/2057 applied. Total new triples: 40399
Rule 1018/2057 applied. Total new triples: 40401
Rule 1019/2057 applied. Total new triples: 40401
Rule 1020/2057 applied. Total new triples: 40402
Rule 1021/2057 applied. Total new triples: 40402
Rule 1022/2057 applied. Total new triples: 40406
Rule 1023/2057 applied. Total new triples: 40412
Rule 1024/2057 applied. Total new triples: 40418
Rule 1025/2057 applied. Total new triples: 40421
Rule 1026/2057 applied. Total new triples: 40428
Rule 1027/2057 applied. Total new triples: 40434
Rule 1028/2057 applied. Total new triples: 40469
Rule 1029/2057 applied. Total new triples: 40492
Rule 1030/2057 applied. Total new triples: 40495
Rule 1031/2057 applied. Total new triples: 40509
Rule 1032/2057 applied. Total new triples: 40526
Rule 1033/2057 applied. Total new triples: 40770
Rule 1034/2057 applied. Total new triples: 40770
Rule 1035/2057 applied. Total new triples: 40770
Rule 1036/2057 applied. Total new triples: 40791
Rule 1037/2057 applied. Total new triples: 40894
Rule 1038/2057 applied. Total new triples: 40894
Rule 1039/2057 applied. Total new triples: 40903
Rule 1040/2057 applied. Total new triples: 40904
Rule 1041/2057 applied. Total new triples: 40905
Rule 1042/2057 applied. Total new triples: 40907
Rule 1043/2057 applied. Total new triples: 40910
Rule 1044/2057 applied. Total new triples: 40911
Rule 1045/2057 applied. Total new triples: 40913
Rule 1046/2057 applied. Total new triples: 40915
Rule 1047/2057 applied. Total new triples: 40916
Rule 1048/2057 applied. Total new triples: 40924
Rule 1049/2057 applied. Total new triples: 40926
Rule 1050/2057 applied. Total new triples: 40930
Rule 1051/2057 applied. Total new triples: 40930
Rule 1052/2057 applied. Total new triples: 40930
Rule 1053/2057 applied. Total new triples: 40945
Rule 1054/2057 applied. Total new triples: 40946
Rule 1055/2057 applied. Total new triples: 40946
Rule 1056/2057 applied. Total new triples: 40946
Rule 1057/2057 applied. Total new triples: 40954
Rule 1058/2057 applied. Total new triples: 40954
Rule 1059/2057 applied. Total new triples: 40954
Rule 1060/2057 applied. Total new triples: 40956
Rule 1061/2057 applied. Total new triples: 40958
Rule 1062/2057 applied. Total new triples: 40960
Rule 1063/2057 applied. Total new triples: 40961
Rule 1064/2057 applied. Total new triples: 40963
Rule 1065/2057 applied. Total new triples: 40965
Rule 1066/2057 applied. Total new triples: 40967
Rule 1067/2057 applied. Total new triples: 40967
Rule 1068/2057 applied. Total new triples: 40967
Rule 1069/2057 applied. Total new triples: 40983
Rule 1070/2057 applied. Total new triples: 40986
Rule 1071/2057 applied. Total new triples: 40988
Rule 1072/2057 applied. Total new triples: 40989
Rule 1073/2057 applied. Total new triples: 40989
Rule 1074/2057 applied. Total new triples: 40991
Rule 1075/2057 applied. Total new triples: 40992
Rule 1076/2057 applied. Total new triples: 40994
Rule 1077/2057 applied. Total new triples: 40997
Rule 1078/2057 applied. Total new triples: 40998
Rule 1079/2057 applied. Total new triples: 41006
Rule 1080/2057 applied. Total new triples: 41008
Rule 1081/2057 applied. Total new triples: 41010
Rule 1082/2057 applied. Total new triples: 41012
Rule 1083/2057 applied. Total new triples: 41059
Rule 1084/2057 applied. Total new triples: 41106
Rule 1085/2057 applied. Total new triples: 41140
Rule 1086/2057 applied. Total new triples: 41162
Rule 1087/2057 applied. Total new triples: 41189
Rule 1088/2057 applied. Total new triples: 41189
Rule 1089/2057 applied. Total new triples: 41195
Rule 1090/2057 applied. Total new triples: 41206
Rule 1091/2057 applied. Total new triples: 41216
Rule 1092/2057 applied. Total new triples: 41221
Rule 1093/2057 applied. Total new triples: 41221
Rule 1094/2057 applied. Total new triples: 41230
Rule 1095/2057 applied. Total new triples: 41232
Rule 1096/2057 applied. Total new triples: 41250
Rule 1097/2057 applied. Total new triples: 41250
Rule 1098/2057 applied. Total new triples: 41272
Rule 1099/2057 applied. Total new triples: 41687
Rule 1100/2057 applied. Total new triples: 41687
Rule 1101/2057 applied. Total new triples: 41687
Rule 1102/2057 applied. Total new triples: 41691
Rule 1103/2057 applied. Total new triples: 41695
Rule 1104/2057 applied. Total new triples: 41700
Rule 1105/2057 applied. Total new triples: 41701
Rule 1106/2057 applied. Total new triples: 41701
Rule 1107/2057 applied. Total new triples: 41701
Rule 1108/2057 applied. Total new triples: 41702
Rule 1109/2057 applied. Total new triples: 41706
Rule 1110/2057 applied. Total new triples: 41709
Rule 1111/2057 applied. Total new triples: 41709
Rule 1112/2057 applied. Total new triples: 41710
Rule 1113/2057 applied. Total new triples: 41710
Rule 1114/2057 applied. Total new triples: 41711
Rule 1115/2057 applied. Total new triples: 41714
Rule 1116/2057 applied. Total new triples: 41714
Rule 1117/2057 applied. Total new triples: 41719
Rule 1118/2057 applied. Total new triples: 41724
Rule 1119/2057 applied. Total new triples: 41729
Rule 1120/2057 applied. Total new triples: 41733
Rule 1121/2057 applied. Total new triples: 41738
Rule 1122/2057 applied. Total new triples: 41744
Rule 1123/2057 applied. Total new triples: 41778
Rule 1124/2057 applied. Total new triples: 41796
Rule 1125/2057 applied. Total new triples: 41851
Rule 1126/2057 applied. Total new triples: 41894
Rule 1127/2057 applied. Total new triples: 41899
Rule 1128/2057 applied. Total new triples: 41906
Rule 1129/2057 applied. Total new triples: 41923
Rule 1130/2057 applied. Total new triples: 41925
Rule 1131/2057 applied. Total new triples: 41929
Rule 1132/2057 applied. Total new triples: 41938
Rule 1133/2057 applied. Total new triples: 41946
Rule 1134/2057 applied. Total new triples: 41985
Rule 1135/2057 applied. Total new triples: 41996
Rule 1136/2057 applied. Total new triples: 41998
Rule 1137/2057 applied. Total new triples: 42057
Rule 1138/2057 applied. Total new triples: 42064
Rule 1139/2057 applied. Total new triples: 42074
Rule 1140/2057 applied. Total new triples: 42085
Rule 1141/2057 applied. Total new triples: 42170
Rule 1142/2057 applied. Total new triples: 42170
Rule 1143/2057 applied. Total new triples: 42270
Rule 1144/2057 applied. Total new triples: 42290
Rule 1145/2057 applied. Total new triples: 42302
Rule 1146/2057 applied. Total new triples: 42316
Rule 1147/2057 applied. Total new triples: 42358
Rule 1148/2057 applied. Total new triples: 42360
Rule 1149/2057 applied. Total new triples: 42377
Rule 1150/2057 applied. Total new triples: 42393
Rule 1151/2057 applied. Total new triples: 42567
Rule 1152/2057 applied. Total new triples: 42567
Rule 1153/2057 applied. Total new triples: 43116
Rule 1154/2057 applied. Total new triples: 43116
Rule 1155/2057 applied. Total new triples: 43116
Rule 1156/2057 applied. Total new triples: 43116
Rule 1157/2057 applied. Total new triples: 45815
Rule 1158/2057 applied. Total new triples: 45816
Rule 1159/2057 applied. Total new triples: 45820
Rule 1160/2057 applied. Total new triples: 45826
Rule 1161/2057 applied. Total new triples: 45827
Rule 1162/2057 applied. Total new triples: 45827
Rule 1163/2057 applied. Total new triples: 45828
Rule 1164/2057 applied. Total new triples: 45831
Rule 1165/2057 applied. Total new triples: 45832
Rule 1166/2057 applied. Total new triples: 45832
Rule 1167/2057 applied. Total new triples: 45839
Rule 1168/2057 applied. Total new triples: 45839
Rule 1169/2057 applied. Total new triples: 45843
Rule 1170/2057 applied. Total new triples: 45847
Rule 1171/2057 applied. Total new triples: 45849
Rule 1172/2057 applied. Total new triples: 45854
Rule 1173/2057 applied. Total new triples: 45855
Rule 1174/2057 applied. Total new triples: 45856
Rule 1175/2057 applied. Total new triples: 45859
Rule 1176/2057 applied. Total new triples: 45860
Rule 1177/2057 applied. Total new triples: 45941
Rule 1178/2057 applied. Total new triples: 45941
Rule 1179/2057 applied. Total new triples: 45941
Rule 1180/2057 applied. Total new triples: 45941
Rule 1181/2057 applied. Total new triples: 45941
Rule 1182/2057 applied. Total new triples: 45942
Rule 1183/2057 applied. Total new triples: 45959
Rule 1184/2057 applied. Total new triples: 45962
Rule 1185/2057 applied. Total new triples: 45962
Rule 1186/2057 applied. Total new triples: 45963
Rule 1187/2057 applied. Total new triples: 45967
Rule 1188/2057 applied. Total new triples: 45976
Rule 1189/2057 applied. Total new triples: 45994
Rule 1190/2057 applied. Total new triples: 45995
Rule 1191/2057 applied. Total new triples: 45996
Rule 1192/2057 applied. Total new triples: 45997
Rule 1193/2057 applied. Total new triples: 46002
Rule 1194/2057 applied. Total new triples: 46002
Rule 1195/2057 applied. Total new triples: 46003
Rule 1196/2057 applied. Total new triples: 46007
Rule 1197/2057 applied. Total new triples: 46009
Rule 1198/2057 applied. Total new triples: 46011
Rule 1199/2057 applied. Total new triples: 46015
Rule 1200/2057 applied. Total new triples: 46016
Rule 1201/2057 applied. Total new triples: 46029
Rule 1202/2057 applied. Total new triples: 46030
Rule 1203/2057 applied. Total new triples: 46034
Rule 1204/2057 applied. Total new triples: 46038
Rule 1205/2057 applied. Total new triples: 46039
Rule 1206/2057 applied. Total new triples: 46040
Rule 1207/2057 applied. Total new triples: 46040
Rule 1208/2057 applied. Total new triples: 46040
Rule 1209/2057 applied. Total new triples: 46041
Rule 1210/2057 applied. Total new triples: 46051
Rule 1211/2057 applied. Total new triples: 46054
Rule 1212/2057 applied. Total new triples: 46054
Rule 1213/2057 applied. Total new triples: 46055
Rule 1214/2057 applied. Total new triples: 46055
Rule 1215/2057 applied. Total new triples: 46056
Rule 1216/2057 applied. Total new triples: 46056
Rule 1217/2057 applied. Total new triples: 46060
Rule 1218/2057 applied. Total new triples: 46060
Rule 1219/2057 applied. Total new triples: 46061
Rule 1220/2057 applied. Total new triples: 46089
Rule 1221/2057 applied. Total new triples: 46092
Rule 1222/2057 applied. Total new triples: 46097
Rule 1223/2057 applied. Total new triples: 46097
Rule 1224/2057 applied. Total new triples: 46097
Rule 1225/2057 applied. Total new triples: 46098
Rule 1226/2057 applied. Total new triples: 46099
Rule 1227/2057 applied. Total new triples: 46103
Rule 1228/2057 applied. Total new triples: 46104
Rule 1229/2057 applied. Total new triples: 46109
Rule 1230/2057 applied. Total new triples: 46109
Rule 1231/2057 applied. Total new triples: 46110
Rule 1232/2057 applied. Total new triples: 46111
Rule 1233/2057 applied. Total new triples: 46111
Rule 1234/2057 applied. Total new triples: 46112
Rule 1235/2057 applied. Total new triples: 46113
Rule 1236/2057 applied. Total new triples: 46114
Rule 1237/2057 applied. Total new triples: 46133
Rule 1238/2057 applied. Total new triples: 46325
Rule 1239/2057 applied. Total new triples: 46325
Rule 1240/2057 applied. Total new triples: 46352
Rule 1241/2057 applied. Total new triples: 46529
Rule 1242/2057 applied. Total new triples: 46546
Rule 1243/2057 applied. Total new triples: 46670
Rule 1244/2057 applied. Total new triples: 46680
Rule 1245/2057 applied. Total new triples: 46692
Rule 1246/2057 applied. Total new triples: 46715
Rule 1247/2057 applied. Total new triples: 46739
Rule 1248/2057 applied. Total new triples: 46763
Rule 1249/2057 applied. Total new triples: 46814
Rule 1250/2057 applied. Total new triples: 46836
Rule 1251/2057 applied. Total new triples: 46902
Rule 1252/2057 applied. Total new triples: 47498
Rule 1253/2057 applied. Total new triples: 47549
Rule 1254/2057 applied. Total new triples: 47585
Rule 1255/2057 applied. Total new triples: 47593
Rule 1256/2057 applied. Total new triples: 47601
Rule 1257/2057 applied. Total new triples: 47601
Rule 1258/2057 applied. Total new triples: 47754
Rule 1259/2057 applied. Total new triples: 47801
Rule 1260/2057 applied. Total new triples: 47834
Rule 1261/2057 applied. Total new triples: 47834
Rule 1262/2057 applied. Total new triples: 47857
Rule 1263/2057 applied. Total new triples: 47858
Rule 1264/2057 applied. Total new triples: 47890
Rule 1265/2057 applied. Total new triples: 48144
Rule 1266/2057 applied. Total new triples: 48145
Rule 1267/2057 applied. Total new triples: 48157
Rule 1268/2057 applied. Total new triples: 48169
Rule 1269/2057 applied. Total new triples: 48253
Rule 1270/2057 applied. Total new triples: 48279
Rule 1271/2057 applied. Total new triples: 48298
Rule 1272/2057 applied. Total new triples: 48308
Rule 1273/2057 applied. Total new triples: 48317
Rule 1274/2057 applied. Total new triples: 48317
Rule 1275/2057 applied. Total new triples: 48317
Rule 1276/2057 applied. Total new triples: 48317
Rule 1277/2057 applied. Total new triples: 48317
Rule 1278/2057 applied. Total new triples: 48323
Rule 1279/2057 applied. Total new triples: 48346
Rule 1280/2057 applied. Total new triples: 48359
Rule 1281/2057 applied. Total new triples: 48359
Rule 1282/2057 applied. Total new triples: 48431
Rule 1283/2057 applied. Total new triples: 48492
Rule 1284/2057 applied. Total new triples: 48525
Rule 1285/2057 applied. Total new triples: 48549
Rule 1286/2057 applied. Total new triples: 48561
Rule 1287/2057 applied. Total new triples: 48582
Rule 1288/2057 applied. Total new triples: 48601
Rule 1289/2057 applied. Total new triples: 48670
Rule 1290/2057 applied. Total new triples: 48670
Rule 1291/2057 applied. Total new triples: 48672
Rule 1292/2057 applied. Total new triples: 48677
Rule 1293/2057 applied. Total new triples: 48680
Rule 1294/2057 applied. Total new triples: 48685
Rule 1295/2057 applied. Total new triples: 48685
Rule 1296/2057 applied. Total new triples: 48718
Rule 1297/2057 applied. Total new triples: 48720
Rule 1298/2057 applied. Total new triples: 48725
Rule 1299/2057 applied. Total new triples: 48731
Rule 1300/2057 applied. Total new triples: 48735
Rule 1301/2057 applied. Total new triples: 48739
Rule 1302/2057 applied. Total new triples: 48739
Rule 1303/2057 applied. Total new triples: 48741
Rule 1304/2057 applied. Total new triples: 48747
Rule 1305/2057 applied. Total new triples: 48753
Rule 1306/2057 applied. Total new triples: 48755
Rule 1307/2057 applied. Total new triples: 48802
Rule 1308/2057 applied. Total new triples: 48802
Rule 1309/2057 applied. Total new triples: 48802
Rule 1310/2057 applied. Total new triples: 48802
Rule 1311/2057 applied. Total new triples: 48843
Rule 1312/2057 applied. Total new triples: 48844
Rule 1313/2057 applied. Total new triples: 48844
Rule 1314/2057 applied. Total new triples: 48844
Rule 1315/2057 applied. Total new triples: 48851
Rule 1316/2057 applied. Total new triples: 48874
Rule 1317/2057 applied. Total new triples: 48877
Rule 1318/2057 applied. Total new triples: 48879
Rule 1319/2057 applied. Total new triples: 48880
Rule 1320/2057 applied. Total new triples: 48883
Rule 1321/2057 applied. Total new triples: 48885
Rule 1322/2057 applied. Total new triples: 48887
Rule 1323/2057 applied. Total new triples: 48888
Rule 1324/2057 applied. Total new triples: 48923
Rule 1325/2057 applied. Total new triples: 48924
Rule 1326/2057 applied. Total new triples: 48927
Rule 1327/2057 applied. Total new triples: 48927
Rule 1328/2057 applied. Total new triples: 48929
Rule 1329/2057 applied. Total new triples: 48932
Rule 1330/2057 applied. Total new triples: 48933
Rule 1331/2057 applied. Total new triples: 48935
Rule 1332/2057 applied. Total new triples: 48938
Rule 1333/2057 applied. Total new triples: 48941
Rule 1334/2057 applied. Total new triples: 48943
Rule 1335/2057 applied. Total new triples: 48943
Rule 1336/2057 applied. Total new triples: 48952
Rule 1337/2057 applied. Total new triples: 48952
Rule 1338/2057 applied. Total new triples: 48955
Rule 1339/2057 applied. Total new triples: 48956
Rule 1340/2057 applied. Total new triples: 48958
Rule 1341/2057 applied. Total new triples: 48958
Rule 1342/2057 applied. Total new triples: 48958
Rule 1343/2057 applied. Total new triples: 48958
Rule 1344/2057 applied. Total new triples: 48961
Rule 1345/2057 applied. Total new triples: 48963
Rule 1346/2057 applied. Total new triples: 48963
Rule 1347/2057 applied. Total new triples: 48964
Rule 1348/2057 applied. Total new triples: 48983
Rule 1349/2057 applied. Total new triples: 49002
Rule 1350/2057 applied. Total new triples: 49005
Rule 1351/2057 applied. Total new triples: 49007
Rule 1352/2057 applied. Total new triples: 49007
Rule 1353/2057 applied. Total new triples: 49010
Rule 1354/2057 applied. Total new triples: 49013
Rule 1355/2057 applied. Total new triples: 49013
Rule 1356/2057 applied. Total new triples: 49016
Rule 1357/2057 applied. Total new triples: 49016
Rule 1358/2057 applied. Total new triples: 49019
Rule 1359/2057 applied. Total new triples: 49022
Rule 1360/2057 applied. Total new triples: 49025
Rule 1361/2057 applied. Total new triples: 49027
Rule 1362/2057 applied. Total new triples: 49030
Rule 1363/2057 applied. Total new triples: 49032
Rule 1364/2057 applied. Total new triples: 49044
Rule 1365/2057 applied. Total new triples: 49066
Rule 1366/2057 applied. Total new triples: 49113
Rule 1367/2057 applied. Total new triples: 49161
Rule 1368/2057 applied. Total new triples: 49263
Rule 1369/2057 applied. Total new triples: 49287
Rule 1370/2057 applied. Total new triples: 49300
Rule 1371/2057 applied. Total new triples: 49336
Rule 1372/2057 applied. Total new triples: 49352
Rule 1373/2057 applied. Total new triples: 49366
Rule 1374/2057 applied. Total new triples: 49367
Rule 1375/2057 applied. Total new triples: 49420
Rule 1376/2057 applied. Total new triples: 49449
Rule 1377/2057 applied. Total new triples: 49466
Rule 1378/2057 applied. Total new triples: 49466
Rule 1379/2057 applied. Total new triples: 49468
Rule 1380/2057 applied. Total new triples: 49474
Rule 1381/2057 applied. Total new triples: 49475
Rule 1382/2057 applied. Total new triples: 49483
Rule 1383/2057 applied. Total new triples: 49483
Rule 1384/2057 applied. Total new triples: 49483
Rule 1385/2057 applied. Total new triples: 49543
Rule 1386/2057 applied. Total new triples: 49573
Rule 1387/2057 applied. Total new triples: 49575
Rule 1388/2057 applied. Total new triples: 49577
Rule 1389/2057 applied. Total new triples: 49590
Rule 1390/2057 applied. Total new triples: 49691
Rule 1391/2057 applied. Total new triples: 49743
Rule 1392/2057 applied. Total new triples: 49754
Rule 1393/2057 applied. Total new triples: 49772
Rule 1394/2057 applied. Total new triples: 49780
Rule 1395/2057 applied. Total new triples: 49812
Rule 1396/2057 applied. Total new triples: 49826
Rule 1397/2057 applied. Total new triples: 49962
Rule 1398/2057 applied. Total new triples: 49962
Rule 1399/2057 applied. Total new triples: 49962
Rule 1400/2057 applied. Total new triples: 49976
Rule 1401/2057 applied. Total new triples: 49998
Rule 1402/2057 applied. Total new triples: 50045
Rule 1403/2057 applied. Total new triples: 50047
Rule 1404/2057 applied. Total new triples: 50047
Rule 1405/2057 applied. Total new triples: 50049
Rule 1406/2057 applied. Total new triples: 50049
Rule 1407/2057 applied. Total new triples: 50050
Rule 1408/2057 applied. Total new triples: 50055
Rule 1409/2057 applied. Total new triples: 50055
Rule 1410/2057 applied. Total new triples: 50071
Rule 1411/2057 applied. Total new triples: 50074
Rule 1412/2057 applied. Total new triples: 50074
Rule 1413/2057 applied. Total new triples: 50074
Rule 1414/2057 applied. Total new triples: 50074
Rule 1415/2057 applied. Total new triples: 50074
Rule 1416/2057 applied. Total new triples: 50074
Rule 1417/2057 applied. Total new triples: 50079
Rule 1418/2057 applied. Total new triples: 50084
Rule 1419/2057 applied. Total new triples: 50089
Rule 1420/2057 applied. Total new triples: 50089
Rule 1421/2057 applied. Total new triples: 50092
Rule 1422/2057 applied. Total new triples: 50092
Rule 1423/2057 applied. Total new triples: 50092
Rule 1424/2057 applied. Total new triples: 50092
Rule 1425/2057 applied. Total new triples: 50095
Rule 1426/2057 applied. Total new triples: 50116
Rule 1427/2057 applied. Total new triples: 50116
Rule 1428/2057 applied. Total new triples: 50116
Rule 1429/2057 applied. Total new triples: 50117
Rule 1430/2057 applied. Total new triples: 50117
Rule 1431/2057 applied. Total new triples: 50117
Rule 1432/2057 applied. Total new triples: 50117
Rule 1433/2057 applied. Total new triples: 50118
Rule 1434/2057 applied. Total new triples: 50118
Rule 1435/2057 applied. Total new triples: 50118
Rule 1436/2057 applied. Total new triples: 50123
Rule 1437/2057 applied. Total new triples: 50123
Rule 1438/2057 applied. Total new triples: 50123
Rule 1439/2057 applied. Total new triples: 50128
Rule 1440/2057 applied. Total new triples: 50128
Rule 1441/2057 applied. Total new triples: 50128
Rule 1442/2057 applied. Total new triples: 50128
Rule 1443/2057 applied. Total new triples: 50128
Rule 1444/2057 applied. Total new triples: 50128
Rule 1445/2057 applied. Total new triples: 50133
Rule 1446/2057 applied. Total new triples: 50133
Rule 1447/2057 applied. Total new triples: 50133
Rule 1448/2057 applied. Total new triples: 50135
Rule 1449/2057 applied. Total new triples: 50135
Rule 1450/2057 applied. Total new triples: 50135
Rule 1451/2057 applied. Total new triples: 50135
Rule 1452/2057 applied. Total new triples: 50135
Rule 1453/2057 applied. Total new triples: 50135
Rule 1454/2057 applied. Total new triples: 50135
Rule 1455/2057 applied. Total new triples: 50135
Rule 1456/2057 applied. Total new triples: 50135
Rule 1457/2057 applied. Total new triples: 50135
Rule 1458/2057 applied. Total new triples: 50135
Rule 1459/2057 applied. Total new triples: 50135
Rule 1460/2057 applied. Total new triples: 50140
Rule 1461/2057 applied. Total new triples: 50149
Rule 1462/2057 applied. Total new triples: 50149
Rule 1463/2057 applied. Total new triples: 50149
Rule 1464/2057 applied. Total new triples: 50149
Rule 1465/2057 applied. Total new triples: 50149
Rule 1466/2057 applied. Total new triples: 50150
Rule 1467/2057 applied. Total new triples: 50150
Rule 1468/2057 applied. Total new triples: 50150
Rule 1469/2057 applied. Total new triples: 50150
Rule 1470/2057 applied. Total new triples: 50156
Rule 1471/2057 applied. Total new triples: 50174
Rule 1472/2057 applied. Total new triples: 50179
Rule 1473/2057 applied. Total new triples: 50185
Rule 1474/2057 applied. Total new triples: 50185
Rule 1475/2057 applied. Total new triples: 50185
Rule 1476/2057 applied. Total new triples: 50189
Rule 1477/2057 applied. Total new triples: 50189
Rule 1478/2057 applied. Total new triples: 50189
Rule 1479/2057 applied. Total new triples: 50189
Rule 1480/2057 applied. Total new triples: 50189
Rule 1481/2057 applied. Total new triples: 50189
Rule 1482/2057 applied. Total new triples: 50189
Rule 1483/2057 applied. Total new triples: 50189
Rule 1484/2057 applied. Total new triples: 50189
Rule 1485/2057 applied. Total new triples: 50205
Rule 1486/2057 applied. Total new triples: 50205
Rule 1487/2057 applied. Total new triples: 50205
Rule 1488/2057 applied. Total new triples: 50209
Rule 1489/2057 applied. Total new triples: 50209
Rule 1490/2057 applied. Total new triples: 50214
Rule 1491/2057 applied. Total new triples: 50214
Rule 1492/2057 applied. Total new triples: 50214
Rule 1493/2057 applied. Total new triples: 50278
Rule 1494/2057 applied. Total new triples: 50325
Rule 1495/2057 applied. Total new triples: 50437
Rule 1496/2057 applied. Total new triples: 50437
Rule 1497/2057 applied. Total new triples: 50445
Rule 1498/2057 applied. Total new triples: 50490
Rule 1499/2057 applied. Total new triples: 50490
Rule 1500/2057 applied. Total new triples: 50510
Rule 1501/2057 applied. Total new triples: 50532
Rule 1502/2057 applied. Total new triples: 50544
Rule 1503/2057 applied. Total new triples: 50594
Rule 1504/2057 applied. Total new triples: 50633
Rule 1505/2057 applied. Total new triples: 50682
Rule 1506/2057 applied. Total new triples: 50719
Rule 1507/2057 applied. Total new triples: 50720
Rule 1508/2057 applied. Total new triples: 50743
Rule 1509/2057 applied. Total new triples: 50760
Rule 1510/2057 applied. Total new triples: 50769
Rule 1511/2057 applied. Total new triples: 50770
Rule 1512/2057 applied. Total new triples: 50798
Rule 1513/2057 applied. Total new triples: 50804
Rule 1514/2057 applied. Total new triples: 50812
Rule 1515/2057 applied. Total new triples: 50953
Rule 1516/2057 applied. Total new triples: 50953
Rule 1517/2057 applied. Total new triples: 50977
Rule 1518/2057 applied. Total new triples: 50977
Rule 1519/2057 applied. Total new triples: 51056
Rule 1520/2057 applied. Total new triples: 51239
Rule 1521/2057 applied. Total new triples: 51242
Rule 1522/2057 applied. Total new triples: 51245
Rule 1523/2057 applied. Total new triples: 51250
Rule 1524/2057 applied. Total new triples: 51256
Rule 1525/2057 applied. Total new triples: 51261
Rule 1526/2057 applied. Total new triples: 51268
Rule 1527/2057 applied. Total new triples: 51273
Rule 1528/2057 applied. Total new triples: 51279
Rule 1529/2057 applied. Total new triples: 51286
Rule 1530/2057 applied. Total new triples: 51292
Rule 1531/2057 applied. Total new triples: 51299
Rule 1532/2057 applied. Total new triples: 51304
Rule 1533/2057 applied. Total new triples: 51367
Rule 1534/2057 applied. Total new triples: 51389
Rule 1535/2057 applied. Total new triples: 51407
Rule 1536/2057 applied. Total new triples: 51407
Rule 1537/2057 applied. Total new triples: 51415
Rule 1538/2057 applied. Total new triples: 51417
Rule 1539/2057 applied. Total new triples: 51430
Rule 1540/2057 applied. Total new triples: 51444
Rule 1541/2057 applied. Total new triples: 51458
Rule 1542/2057 applied. Total new triples: 51458
Rule 1543/2057 applied. Total new triples: 51472
Rule 1544/2057 applied. Total new triples: 62802
Rule 1545/2057 applied. Total new triples: 62802
Rule 1546/2057 applied. Total new triples: 62833
Rule 1547/2057 applied. Total new triples: 62838
Rule 1548/2057 applied. Total new triples: 62852
Rule 1549/2057 applied. Total new triples: 62872
Rule 1550/2057 applied. Total new triples: 62945
Rule 1551/2057 applied. Total new triples: 62951
Rule 1552/2057 applied. Total new triples: 63042
Rule 1553/2057 applied. Total new triples: 63105
Rule 1554/2057 applied. Total new triples: 63109
Rule 1555/2057 applied. Total new triples: 63140
Rule 1556/2057 applied. Total new triples: 63170
Rule 1557/2057 applied. Total new triples: 63210
Rule 1558/2057 applied. Total new triples: 63318
Rule 1559/2057 applied. Total new triples: 63458
Rule 1560/2057 applied. Total new triples: 63459
Rule 1561/2057 applied. Total new triples: 63598
Rule 1562/2057 applied. Total new triples: 63598
Rule 1563/2057 applied. Total new triples: 63600
Rule 1564/2057 applied. Total new triples: 63600
Rule 1565/2057 applied. Total new triples: 63612
Rule 1566/2057 applied. Total new triples: 63614
Rule 1567/2057 applied. Total new triples: 63615
Rule 1568/2057 applied. Total new triples: 63615
Rule 1569/2057 applied. Total new triples: 63617
Rule 1570/2057 applied. Total new triples: 63619
Rule 1571/2057 applied. Total new triples: 63619
Rule 1572/2057 applied. Total new triples: 63619
Rule 1573/2057 applied. Total new triples: 63619
Rule 1574/2057 applied. Total new triples: 63621
Rule 1575/2057 applied. Total new triples: 63623
Rule 1576/2057 applied. Total new triples: 63625
Rule 1577/2057 applied. Total new triples: 63627
Rule 1578/2057 applied. Total new triples: 63627
Rule 1579/2057 applied. Total new triples: 63627
Rule 1580/2057 applied. Total new triples: 63627
Rule 1581/2057 applied. Total new triples: 63636
Rule 1582/2057 applied. Total new triples: 63638
Rule 1583/2057 applied. Total new triples: 63643
Rule 1584/2057 applied. Total new triples: 63652
Rule 1585/2057 applied. Total new triples: 63653
Rule 1586/2057 applied. Total new triples: 63661
Rule 1587/2057 applied. Total new triples: 63663
Rule 1588/2057 applied. Total new triples: 63663
Rule 1589/2057 applied. Total new triples: 63664
Rule 1590/2057 applied. Total new triples: 63664
Rule 1591/2057 applied. Total new triples: 63666
Rule 1592/2057 applied. Total new triples: 63666
Rule 1593/2057 applied. Total new triples: 63671
Rule 1594/2057 applied. Total new triples: 63673
Rule 1595/2057 applied. Total new triples: 63675
Rule 1596/2057 applied. Total new triples: 63675
Rule 1597/2057 applied. Total new triples: 63675
Rule 1598/2057 applied. Total new triples: 63679
Rule 1599/2057 applied. Total new triples: 63681
Rule 1600/2057 applied. Total new triples: 63690
Rule 1601/2057 applied. Total new triples: 63692
Rule 1602/2057 applied. Total new triples: 63692
Rule 1603/2057 applied. Total new triples: 63694
Rule 1604/2057 applied. Total new triples: 63694
Rule 1605/2057 applied. Total new triples: 63696
Rule 1606/2057 applied. Total new triples: 63720
Rule 1607/2057 applied. Total new triples: 63721
Rule 1608/2057 applied. Total new triples: 63721
Rule 1609/2057 applied. Total new triples: 63723
Rule 1610/2057 applied. Total new triples: 63723
Rule 1611/2057 applied. Total new triples: 63725
Rule 1612/2057 applied. Total new triples: 63727
Rule 1613/2057 applied. Total new triples: 63729
Rule 1614/2057 applied. Total new triples: 63729
Rule 1615/2057 applied. Total new triples: 63729
Rule 1616/2057 applied. Total new triples: 63731
Rule 1617/2057 applied. Total new triples: 63733
Rule 1618/2057 applied. Total new triples: 63733
Rule 1619/2057 applied. Total new triples: 63733
Rule 1620/2057 applied. Total new triples: 63735
Rule 1621/2057 applied. Total new triples: 63748
Rule 1622/2057 applied. Total new triples: 63748
Rule 1623/2057 applied. Total new triples: 63749
Rule 1624/2057 applied. Total new triples: 63758
Rule 1625/2057 applied. Total new triples: 63759
Rule 1626/2057 applied. Total new triples: 63788
Rule 1627/2057 applied. Total new triples: 63833
Rule 1628/2057 applied. Total new triples: 63833
Rule 1629/2057 applied. Total new triples: 63850
Rule 1630/2057 applied. Total new triples: 63861
Rule 1631/2057 applied. Total new triples: 63871
Rule 1632/2057 applied. Total new triples: 63880
Rule 1633/2057 applied. Total new triples: 63880
Rule 1634/2057 applied. Total new triples: 63887
Rule 1635/2057 applied. Total new triples: 63897
Rule 1636/2057 applied. Total new triples: 63907
Rule 1637/2057 applied. Total new triples: 63907
Rule 1638/2057 applied. Total new triples: 63927
Rule 1639/2057 applied. Total new triples: 63944
Rule 1640/2057 applied. Total new triples: 63964
Rule 1641/2057 applied. Total new triples: 64033
Rule 1642/2057 applied. Total new triples: 64033
Rule 1643/2057 applied. Total new triples: 64062
Rule 1644/2057 applied. Total new triples: 64090
Rule 1645/2057 applied. Total new triples: 64101
Rule 1646/2057 applied. Total new triples: 64127
Rule 1647/2057 applied. Total new triples: 64127
Rule 1648/2057 applied. Total new triples: 64165
Rule 1649/2057 applied. Total new triples: 64167
Rule 1650/2057 applied. Total new triples: 64178
Rule 1651/2057 applied. Total new triples: 64182
Rule 1652/2057 applied. Total new triples: 64185
Rule 1653/2057 applied. Total new triples: 64189
Rule 1654/2057 applied. Total new triples: 64202
Rule 1655/2057 applied. Total new triples: 64206
Rule 1656/2057 applied. Total new triples: 64209
Rule 1657/2057 applied. Total new triples: 64209
Rule 1658/2057 applied. Total new triples: 64209
Rule 1659/2057 applied. Total new triples: 64227
Rule 1660/2057 applied. Total new triples: 64231
Rule 1661/2057 applied. Total new triples: 64243
Rule 1662/2057 applied. Total new triples: 64247
Rule 1663/2057 applied. Total new triples: 64251
Rule 1664/2057 applied. Total new triples: 64255
Rule 1665/2057 applied. Total new triples: 64259
Rule 1666/2057 applied. Total new triples: 64259
Rule 1667/2057 applied. Total new triples: 64264
Rule 1668/2057 applied. Total new triples: 64265
Rule 1669/2057 applied. Total new triples: 64268
Rule 1670/2057 applied. Total new triples: 64270
Rule 1671/2057 applied. Total new triples: 64273
Rule 1672/2057 applied. Total new triples: 64273
Rule 1673/2057 applied. Total new triples: 64275
Rule 1674/2057 applied. Total new triples: 64279
Rule 1675/2057 applied. Total new triples: 64298
Rule 1676/2057 applied. Total new triples: 64302
Rule 1677/2057 applied. Total new triples: 64302
Rule 1678/2057 applied. Total new triples: 64307
Rule 1679/2057 applied. Total new triples: 64311
Rule 1680/2057 applied. Total new triples: 64311
Rule 1681/2057 applied. Total new triples: 64311
Rule 1682/2057 applied. Total new triples: 64313
Rule 1683/2057 applied. Total new triples: 64314
Rule 1684/2057 applied. Total new triples: 64317
Rule 1685/2057 applied. Total new triples: 64326
Rule 1686/2057 applied. Total new triples: 64329
Rule 1687/2057 applied. Total new triples: 64329
Rule 1688/2057 applied. Total new triples: 64333
Rule 1689/2057 applied. Total new triples: 64334
Rule 1690/2057 applied. Total new triples: 64337
Rule 1691/2057 applied. Total new triples: 64341
Rule 1692/2057 applied. Total new triples: 64344
Rule 1693/2057 applied. Total new triples: 64345
Rule 1694/2057 applied. Total new triples: 64354
Rule 1695/2057 applied. Total new triples: 64359
Rule 1696/2057 applied. Total new triples: 64359
Rule 1697/2057 applied. Total new triples: 64363
Rule 1698/2057 applied. Total new triples: 64367
Rule 1699/2057 applied. Total new triples: 64368
Rule 1700/2057 applied. Total new triples: 64372
Rule 1701/2057 applied. Total new triples: 64385
Rule 1702/2057 applied. Total new triples: 64390
Rule 1703/2057 applied. Total new triples: 64390
Rule 1704/2057 applied. Total new triples: 64394
Rule 1705/2057 applied. Total new triples: 64398
Rule 1706/2057 applied. Total new triples: 64479
Rule 1707/2057 applied. Total new triples: 64503
Rule 1708/2057 applied. Total new triples: 64527
Rule 1709/2057 applied. Total new triples: 64592
Rule 1710/2057 applied. Total new triples: 64826
Rule 1711/2057 applied. Total new triples: 64839
Rule 1712/2057 applied. Total new triples: 64839
Rule 1713/2057 applied. Total new triples: 64854
Rule 1714/2057 applied. Total new triples: 64861
Rule 1715/2057 applied. Total new triples: 64874
Rule 1716/2057 applied. Total new triples: 64887
Rule 1717/2057 applied. Total new triples: 64887
Rule 1718/2057 applied. Total new triples: 64901
Rule 1719/2057 applied. Total new triples: 64917
Rule 1720/2057 applied. Total new triples: 64971
Rule 1721/2057 applied. Total new triples: 65150
Rule 1722/2057 applied. Total new triples: 65216
Rule 1723/2057 applied. Total new triples: 65313
Rule 1724/2057 applied. Total new triples: 65313
Rule 1725/2057 applied. Total new triples: 65319
Rule 1726/2057 applied. Total new triples: 65335
Rule 1727/2057 applied. Total new triples: 65340
Rule 1728/2057 applied. Total new triples: 65343
Rule 1729/2057 applied. Total new triples: 65347
Rule 1730/2057 applied. Total new triples: 65351
Rule 1731/2057 applied. Total new triples: 65351
Rule 1732/2057 applied. Total new triples: 65357
Rule 1733/2057 applied. Total new triples: 65357
Rule 1734/2057 applied. Total new triples: 65360
Rule 1735/2057 applied. Total new triples: 65360
Rule 1736/2057 applied. Total new triples: 65364
Rule 1737/2057 applied. Total new triples: 65371
Rule 1738/2057 applied. Total new triples: 65375
Rule 1739/2057 applied. Total new triples: 65381
Rule 1740/2057 applied. Total new triples: 65382
Rule 1741/2057 applied. Total new triples: 65382
Rule 1742/2057 applied. Total new triples: 65382
Rule 1743/2057 applied. Total new triples: 65388
Rule 1744/2057 applied. Total new triples: 65404
Rule 1745/2057 applied. Total new triples: 65408
Rule 1746/2057 applied. Total new triples: 65414
Rule 1747/2057 applied. Total new triples: 65420
Rule 1748/2057 applied. Total new triples: 65420
Rule 1749/2057 applied. Total new triples: 65437
Rule 1750/2057 applied. Total new triples: 65470
Rule 1751/2057 applied. Total new triples: 65476
Rule 1752/2057 applied. Total new triples: 65482
Rule 1753/2057 applied. Total new triples: 65485
Rule 1754/2057 applied. Total new triples: 65491
Rule 1755/2057 applied. Total new triples: 65491
Rule 1756/2057 applied. Total new triples: 65494
Rule 1757/2057 applied. Total new triples: 65497
Rule 1758/2057 applied. Total new triples: 65502
Rule 1759/2057 applied. Total new triples: 65563
Rule 1760/2057 applied. Total new triples: 65563
Rule 1761/2057 applied. Total new triples: 65626
Rule 1762/2057 applied. Total new triples: 65656
Rule 1763/2057 applied. Total new triples: 65706
Rule 1764/2057 applied. Total new triples: 65722
Rule 1765/2057 applied. Total new triples: 65722
Rule 1766/2057 applied. Total new triples: 65789
Rule 1767/2057 applied. Total new triples: 65807
Rule 1768/2057 applied. Total new triples: 65822
Rule 1769/2057 applied. Total new triples: 65842
Rule 1770/2057 applied. Total new triples: 65857
Rule 1771/2057 applied. Total new triples: 65947
Rule 1772/2057 applied. Total new triples: 65947
Rule 1773/2057 applied. Total new triples: 66246
Rule 1774/2057 applied. Total new triples: 66277
Rule 1775/2057 applied. Total new triples: 66285
Rule 1776/2057 applied. Total new triples: 66291
Rule 1777/2057 applied. Total new triples: 66292
Rule 1778/2057 applied. Total new triples: 66292
Rule 1779/2057 applied. Total new triples: 66293
Rule 1780/2057 applied. Total new triples: 66299
Rule 1781/2057 applied. Total new triples: 66307
Rule 1782/2057 applied. Total new triples: 66312
Rule 1783/2057 applied. Total new triples: 66317
Rule 1784/2057 applied. Total new triples: 66321
Rule 1785/2057 applied. Total new triples: 66323
Rule 1786/2057 applied. Total new triples: 66325
Rule 1787/2057 applied. Total new triples: 66333
Rule 1788/2057 applied. Total new triples: 66341
Rule 1789/2057 applied. Total new triples: 66371
Rule 1790/2057 applied. Total new triples: 66378
Rule 1791/2057 applied. Total new triples: 66378
Rule 1792/2057 applied. Total new triples: 66386
Rule 1793/2057 applied. Total new triples: 66398
Rule 1794/2057 applied. Total new triples: 66406
Rule 1795/2057 applied. Total new triples: 66409
Rule 1796/2057 applied. Total new triples: 66556
Rule 1797/2057 applied. Total new triples: 66593
Rule 1798/2057 applied. Total new triples: 66608
Rule 1799/2057 applied. Total new triples: 66638
Rule 1800/2057 applied. Total new triples: 66681
Rule 1801/2057 applied. Total new triples: 66750
Rule 1802/2057 applied. Total new triples: 66750
Rule 1803/2057 applied. Total new triples: 66750
Rule 1804/2057 applied. Total new triples: 66783
Rule 1805/2057 applied. Total new triples: 66793
Rule 1806/2057 applied. Total new triples: 66797
Rule 1807/2057 applied. Total new triples: 66798
Rule 1808/2057 applied. Total new triples: 66806
Rule 1809/2057 applied. Total new triples: 66815
Rule 1810/2057 applied. Total new triples: 66989
Rule 1811/2057 applied. Total new triples: 66991
Rule 1812/2057 applied. Total new triples: 66991
Rule 1813/2057 applied. Total new triples: 66993
Rule 1814/2057 applied. Total new triples: 67047
Rule 1815/2057 applied. Total new triples: 67047
Rule 1816/2057 applied. Total new triples: 67056
Rule 1817/2057 applied. Total new triples: 67064
Rule 1818/2057 applied. Total new triples: 67064
Rule 1819/2057 applied. Total new triples: 67072
Rule 1820/2057 applied. Total new triples: 67072
Rule 1821/2057 applied. Total new triples: 67080
Rule 1822/2057 applied. Total new triples: 67090
Rule 1823/2057 applied. Total new triples: 67100
Rule 1824/2057 applied. Total new triples: 67112
Rule 1825/2057 applied. Total new triples: 67138
Rule 1826/2057 applied. Total new triples: 67158
Rule 1827/2057 applied. Total new triples: 67158
Rule 1828/2057 applied. Total new triples: 67158
Rule 1829/2057 applied. Total new triples: 67256
Rule 1830/2057 applied. Total new triples: 67603
Rule 1831/2057 applied. Total new triples: 67629
Rule 1832/2057 applied. Total new triples: 67639
Rule 1833/2057 applied. Total new triples: 67660
Rule 1834/2057 applied. Total new triples: 67753
Rule 1835/2057 applied. Total new triples: 67788
Rule 1836/2057 applied. Total new triples: 67799
Rule 1837/2057 applied. Total new triples: 67854
Rule 1838/2057 applied. Total new triples: 67854
Rule 1839/2057 applied. Total new triples: 67854
Rule 1840/2057 applied. Total new triples: 68020
Rule 1841/2057 applied. Total new triples: 68051
Rule 1842/2057 applied. Total new triples: 68061
Rule 1843/2057 applied. Total new triples: 68097
Rule 1844/2057 applied. Total new triples: 68100
Rule 1845/2057 applied. Total new triples: 68261
Rule 1846/2057 applied. Total new triples: 68586
Rule 1847/2057 applied. Total new triples: 68738
Rule 1848/2057 applied. Total new triples: 68875
Rule 1849/2057 applied. Total new triples: 68876
Rule 1850/2057 applied. Total new triples: 68912
Rule 1851/2057 applied. Total new triples: 68992
Rule 1852/2057 applied. Total new triples: 69011
Rule 1853/2057 applied. Total new triples: 69011
Rule 1854/2057 applied. Total new triples: 69029
Rule 1855/2057 applied. Total new triples: 69048
Rule 1856/2057 applied. Total new triples: 69129
Rule 1857/2057 applied. Total new triples: 69164
Rule 1858/2057 applied. Total new triples: 69203
Rule 1859/2057 applied. Total new triples: 69239
Rule 1860/2057 applied. Total new triples: 69430
Rule 1861/2057 applied. Total new triples: 69459
Rule 1862/2057 applied. Total new triples: 69501
Rule 1863/2057 applied. Total new triples: 69542
Rule 1864/2057 applied. Total new triples: 69698
Rule 1865/2057 applied. Total new triples: 69698
Rule 1866/2057 applied. Total new triples: 69743
Rule 1867/2057 applied. Total new triples: 69783
Rule 1868/2057 applied. Total new triples: 69851
Rule 1869/2057 applied. Total new triples: 69880
Rule 1870/2057 applied. Total new triples: 71255
Rule 1871/2057 applied. Total new triples: 71259
Rule 1872/2057 applied. Total new triples: 71259
Rule 1873/2057 applied. Total new triples: 71396
Rule 1874/2057 applied. Total new triples: 71398
Rule 1875/2057 applied. Total new triples: 71398
Rule 1876/2057 applied. Total new triples: 71398
Rule 1877/2057 applied. Total new triples: 71398
Rule 1878/2057 applied. Total new triples: 71399
Rule 1879/2057 applied. Total new triples: 71408
Rule 1880/2057 applied. Total new triples: 71408
Rule 1881/2057 applied. Total new triples: 71411
Rule 1882/2057 applied. Total new triples: 71411
Rule 1883/2057 applied. Total new triples: 71411
Rule 1884/2057 applied. Total new triples: 71414
Rule 1885/2057 applied. Total new triples: 71432
Rule 1886/2057 applied. Total new triples: 71433
Rule 1887/2057 applied. Total new triples: 71433
Rule 1888/2057 applied. Total new triples: 71433
Rule 1889/2057 applied. Total new triples: 71434
Rule 1890/2057 applied. Total new triples: 71434
Rule 1891/2057 applied. Total new triples: 71434
Rule 1892/2057 applied. Total new triples: 71438
Rule 1893/2057 applied. Total new triples: 71443
Rule 1894/2057 applied. Total new triples: 71444
Rule 1895/2057 applied. Total new triples: 71450
Rule 1896/2057 applied. Total new triples: 71458
Rule 1897/2057 applied. Total new triples: 71459
Rule 1898/2057 applied. Total new triples: 71464
Rule 1899/2057 applied. Total new triples: 71467
Rule 1900/2057 applied. Total new triples: 71469
Rule 1901/2057 applied. Total new triples: 71471
Rule 1902/2057 applied. Total new triples: 71474
Rule 1903/2057 applied. Total new triples: 71477
Rule 1904/2057 applied. Total new triples: 71484
Rule 1905/2057 applied. Total new triples: 71484
Rule 1906/2057 applied. Total new triples: 71485
Rule 1907/2057 applied. Total new triples: 71486
Rule 1908/2057 applied. Total new triples: 71486
Rule 1909/2057 applied. Total new triples: 71487
Rule 1910/2057 applied. Total new triples: 71489
Rule 1911/2057 applied. Total new triples: 71489
Rule 1912/2057 applied. Total new triples: 71494
Rule 1913/2057 applied. Total new triples: 71499
Rule 1914/2057 applied. Total new triples: 71502
Rule 1915/2057 applied. Total new triples: 71505
Rule 1916/2057 applied. Total new triples: 71506
Rule 1917/2057 applied. Total new triples: 71509
Rule 1918/2057 applied. Total new triples: 71510
Rule 1919/2057 applied. Total new triples: 71511
Rule 1920/2057 applied. Total new triples: 71565
Rule 1921/2057 applied. Total new triples: 71568
Rule 1922/2057 applied. Total new triples: 71568
Rule 1923/2057 applied. Total new triples: 71578
Rule 1924/2057 applied. Total new triples: 71578
Rule 1925/2057 applied. Total new triples: 71580
Rule 1926/2057 applied. Total new triples: 71584
Rule 1927/2057 applied. Total new triples: 71585
Rule 1928/2057 applied. Total new triples: 71585
Rule 1929/2057 applied. Total new triples: 71585
Rule 1930/2057 applied. Total new triples: 71653
Rule 1931/2057 applied. Total new triples: 71654
Rule 1932/2057 applied. Total new triples: 71657
Rule 1933/2057 applied. Total new triples: 71658
Rule 1934/2057 applied. Total new triples: 71659
Rule 1935/2057 applied. Total new triples: 71659
Rule 1936/2057 applied. Total new triples: 71670
Rule 1937/2057 applied. Total new triples: 71671
Rule 1938/2057 applied. Total new triples: 71687
Rule 1939/2057 applied. Total new triples: 71687
Rule 1940/2057 applied. Total new triples: 71687
Rule 1941/2057 applied. Total new triples: 71691
Rule 1942/2057 applied. Total new triples: 71691
Rule 1943/2057 applied. Total new triples: 71691
Rule 1944/2057 applied. Total new triples: 71693
Rule 1945/2057 applied. Total new triples: 71704
Rule 1946/2057 applied. Total new triples: 71707
Rule 1947/2057 applied. Total new triples: 71709
Rule 1948/2057 applied. Total new triples: 71712
Rule 1949/2057 applied. Total new triples: 71712
Rule 1950/2057 applied. Total new triples: 71716
Rule 1951/2057 applied. Total new triples: 71719
Rule 1952/2057 applied. Total new triples: 71723
Rule 1953/2057 applied. Total new triples: 71723
Rule 1954/2057 applied. Total new triples: 71743
Rule 1955/2057 applied. Total new triples: 71745
Rule 1956/2057 applied. Total new triples: 71746
Rule 1957/2057 applied. Total new triples: 71746
Rule 1958/2057 applied. Total new triples: 71747
Rule 1959/2057 applied. Total new triples: 71752
Rule 1960/2057 applied. Total new triples: 71757
Rule 1961/2057 applied. Total new triples: 71757
Rule 1962/2057 applied. Total new triples: 71762
Rule 1963/2057 applied. Total new triples: 71767
Rule 1964/2057 applied. Total new triples: 71767
Rule 1965/2057 applied. Total new triples: 71767
Rule 1966/2057 applied. Total new triples: 71769
Rule 1967/2057 applied. Total new triples: 71770
Rule 1968/2057 applied. Total new triples: 71776
Rule 1969/2057 applied. Total new triples: 71779
Rule 1970/2057 applied. Total new triples: 71783
Rule 1971/2057 applied. Total new triples: 71784
Rule 1972/2057 applied. Total new triples: 71787
Rule 1973/2057 applied. Total new triples: 71792
Rule 1974/2057 applied. Total new triples: 71794
Rule 1975/2057 applied. Total new triples: 71795
Rule 1976/2057 applied. Total new triples: 71922
Rule 1977/2057 applied. Total new triples: 71922
Rule 1978/2057 applied. Total new triples: 71925
Rule 1979/2057 applied. Total new triples: 71928
Rule 1980/2057 applied. Total new triples: 71928
Rule 1981/2057 applied. Total new triples: 71933
Rule 1982/2057 applied. Total new triples: 71934
Rule 1983/2057 applied. Total new triples: 71938
Rule 1984/2057 applied. Total new triples: 71945
Rule 1985/2057 applied. Total new triples: 71946
Rule 1986/2057 applied. Total new triples: 71948
Rule 1987/2057 applied. Total new triples: 71964
Rule 1988/2057 applied. Total new triples: 71967
Rule 1989/2057 applied. Total new triples: 71968
Rule 1990/2057 applied. Total new triples: 71970
Rule 1991/2057 applied. Total new triples: 71971
Rule 1992/2057 applied. Total new triples: 71972
Rule 1993/2057 applied. Total new triples: 71980
Rule 1994/2057 applied. Total new triples: 71980
Rule 1995/2057 applied. Total new triples: 71990
Rule 1996/2057 applied. Total new triples: 71991
Rule 1997/2057 applied. Total new triples: 71991
Rule 1998/2057 applied. Total new triples: 71996
Rule 1999/2057 applied. Total new triples: 71996
Rule 2000/2057 applied. Total new triples: 72000
Rule 2001/2057 applied. Total new triples: 72038
Rule 2002/2057 applied. Total new triples: 72039
Rule 2003/2057 applied. Total new triples: 72050
Rule 2004/2057 applied. Total new triples: 72052
Rule 2005/2057 applied. Total new triples: 72055
Rule 2006/2057 applied. Total new triples: 72064
Rule 2007/2057 applied. Total new triples: 72066
Rule 2008/2057 applied. Total new triples: 72075
Rule 2009/2057 applied. Total new triples: 72078
Rule 2010/2057 applied. Total new triples: 72099
Rule 2011/2057 applied. Total new triples: 72099
Rule 2012/2057 applied. Total new triples: 72100
Rule 2013/2057 applied. Total new triples: 72102
Rule 2014/2057 applied. Total new triples: 72103
Rule 2015/2057 applied. Total new triples: 72190
Rule 2016/2057 applied. Total new triples: 72193
Rule 2017/2057 applied. Total new triples: 72193
Rule 2018/2057 applied. Total new triples: 72203
Rule 2019/2057 applied. Total new triples: 72204
Rule 2020/2057 applied. Total new triples: 72209
Rule 2021/2057 applied. Total new triples: 72216
Rule 2022/2057 applied. Total new triples: 72223
Rule 2023/2057 applied. Total new triples: 72226
Rule 2024/2057 applied. Total new triples: 72229
Rule 2025/2057 applied. Total new triples: 72230
Rule 2026/2057 applied. Total new triples: 72231
Rule 2027/2057 applied. Total new triples: 72245
Rule 2028/2057 applied. Total new triples: 72246
Rule 2029/2057 applied. Total new triples: 72291
Rule 2030/2057 applied. Total new triples: 72291
Rule 2031/2057 applied. Total new triples: 72292
Rule 2032/2057 applied. Total new triples: 72302
Rule 2033/2057 applied. Total new triples: 72446
Rule 2034/2057 applied. Total new triples: 72451
Rule 2035/2057 applied. Total new triples: 72451
Rule 2036/2057 applied. Total new triples: 72451
Rule 2037/2057 applied. Total new triples: 72458
Rule 2038/2057 applied. Total new triples: 72469
Rule 2039/2057 applied. Total new triples: 72472
Rule 2040/2057 applied. Total new triples: 72473
Rule 2041/2057 applied. Total new triples: 72476
Rule 2042/2057 applied. Total new triples: 72479
Rule 2043/2057 applied. Total new triples: 72498
Rule 2044/2057 applied. Total new triples: 72498
Rule 2045/2057 applied. Total new triples: 72498
Rule 2046/2057 applied. Total new triples: 72499
Rule 2047/2057 applied. Total new triples: 72501
Rule 2048/2057 applied. Total new triples: 72502
Rule 2049/2057 applied. Total new triples: 72502
Rule 2050/2057 applied. Total new triples: 72502
Rule 2051/2057 applied. Total new triples: 72507
Rule 2052/2057 applied. Total new triples: 72508
Rule 2053/2057 applied. Total new triples: 72513
Rule 2054/2057 applied. Total new triples: 72514
Rule 2055/2057 applied. Total new triples: 72514
Rule 2056/2057 applied. Total new triples: 72515
Rule 2057/2057 applied. Total new triples: 72518
Materialization complete. Writing to file...
--- Rule materialization breakdown ---
  Rules processed:                       2057
  Fully materialized (no exceptions):    2057 (of which 0 produced no predictions: lack of groundings)
  Partial (some exceptions, had preds):  0
  Skipped (exceptions, no predictions):  0
  Rules that added new triples:          1530
Total elapsed time for materialization: 367996 ms (368.00 seconds)
Successfully wrote 72518 triples to yago_flip_experiment/predictions_ifp/materialization/20260825_105139//YAGO4.5-10-flipIFP_anyburl_FULL_standard_10_rules_20260825_105139.nt

--- Condition: Semantic | Target: Top 10% Rules ---
--- Mode: TOP N% RULES BY CONFIDENCE ---
Total rules available: 20562. Using top 10.0% (2057 rules).
Rule 1/2057 applied. Total new triples: 16
Rule 2/2057 applied. Total new triples: 16
Rule 3/2057 applied. Total new triples: 26
Rule 4/2057 applied. Total new triples: 26
Rule 5/2057 applied. Total new triples: 26
Rule 6/2057 applied. Total new triples: 32
Rule 7/2057 applied. Total new triples: 39
Rule 8/2057 applied. Total new triples: 43
Rule 9/2057 applied. Total new triples: 43
Rule 10/2057 applied. Total new triples: 44
Rule 11/2057 applied. Total new triples: 44
Rule 12/2057 applied. Total new triples: 45
Rule 13/2057 applied. Total new triples: 53
Rule 14/2057 applied. Total new triples: 59
Rule 15/2057 applied. Total new triples: 59
Rule 16/2057 applied. Total new triples: 59
Rule 17/2057 applied. Total new triples: 65
Rule 18/2057 applied. Total new triples: 68
Rule 19/2057 applied. Total new triples: 69
Rule 20/2057 applied. Total new triples: 77
Rule 21/2057 applied. Total new triples: 77
Rule 22/2057 applied. Total new triples: 77
Rule 23/2057 applied. Total new triples: 81
Rule 24/2057 applied. Total new triples: 83
Rule 25/2057 applied. Total new triples: 83
Rule 26/2057 applied. Total new triples: 83
Rule 27/2057 applied. Total new triples: 83
Rule 28/2057 applied. Total new triples: 114
Rule 29/2057 applied. Total new triples: 116
Rule 30/2057 applied. Total new triples: 116
Rule 31/2057 applied. Total new triples: 118
Rule 32/2057 applied. Total new triples: 118
Rule 33/2057 applied. Total new triples: 119
Rule 34/2057 applied. Total new triples: 119
Rule 35/2057 applied. Total new triples: 119
Rule 36/2057 applied. Total new triples: 119
Rule 37/2057 applied. Total new triples: 120
Rule 38/2057 applied. Total new triples: 121
Rule 39/2057 applied. Total new triples: 121
Rule 40/2057 applied. Total new triples: 125
Rule 41/2057 applied. Total new triples: 125
Rule 42/2057 applied. Total new triples: 140
Rule 43/2057 applied. Total new triples: 141
Rule 44/2057 applied. Total new triples: 168
Rule 45/2057 applied. Total new triples: 168
Rule 46/2057 applied. Total new triples: 168
Rule 47/2057 applied. Total new triples: 171
Rule 48/2057 applied. Total new triples: 171
Rule 49/2057 applied. Total new triples: 171
Rule 50/2057 applied. Total new triples: 189
Rule 51/2057 applied. Total new triples: 190
Rule 52/2057 applied. Total new triples: 222
Rule 53/2057 applied. Total new triples: 222
Rule 54/2057 applied. Total new triples: 222
Rule 55/2057 applied. Total new triples: 224
Rule 56/2057 applied. Total new triples: 234
Rule 57/2057 applied. Total new triples: 235
Rule 58/2057 applied. Total new triples: 235
Rule 59/2057 applied. Total new triples: 235
Rule 60/2057 applied. Total new triples: 236
Rule 61/2057 applied. Total new triples: 246
Rule 62/2057 applied. Total new triples: 292
Rule 63/2057 applied. Total new triples: 292
Rule 64/2057 applied. Total new triples: 292
Rule 65/2057 applied. Total new triples: 292
Rule 66/2057 applied. Total new triples: 292
Rule 67/2057 applied. Total new triples: 292
Rule 68/2057 applied. Total new triples: 299
Rule 69/2057 applied. Total new triples: 301
Rule 70/2057 applied. Total new triples: 307
Rule 71/2057 applied. Total new triples: 308
Rule 72/2057 applied. Total new triples: 308
Rule 73/2057 applied. Total new triples: 315
Rule 74/2057 applied. Total new triples: 316
Rule 75/2057 applied. Total new triples: 326
Rule 76/2057 applied. Total new triples: 326
Rule 77/2057 applied. Total new triples: 326
Rule 78/2057 applied. Total new triples: 326
Rule 79/2057 applied. Total new triples: 326
Rule 80/2057 applied. Total new triples: 326
Rule 81/2057 applied. Total new triples: 327
Rule 82/2057 applied. Total new triples: 327
Rule 83/2057 applied. Total new triples: 332
Rule 84/2057 applied. Total new triples: 332
Rule 85/2057 applied. Total new triples: 334
Rule 86/2057 applied. Total new triples: 343
Rule 87/2057 applied. Total new triples: 414
Rule 88/2057 applied. Total new triples: 414
Rule 89/2057 applied. Total new triples: 416
Rule 90/2057 applied. Total new triples: 419
Rule 91/2057 applied. Total new triples: 419
Rule 92/2057 applied. Total new triples: 420
Rule 93/2057 applied. Total new triples: 420
Rule 94/2057 applied. Total new triples: 420
Rule 95/2057 applied. Total new triples: 424
Rule 96/2057 applied. Total new triples: 424
Rule 97/2057 applied. Total new triples: 424
Rule 98/2057 applied. Total new triples: 424
Rule 99/2057 applied. Total new triples: 424
Rule 100/2057 applied. Total new triples: 424
Rule 101/2057 applied. Total new triples: 424
Rule 102/2057 applied. Total new triples: 424
Rule 103/2057 applied. Total new triples: 424
Rule 104/2057 applied. Total new triples: 425
Rule 105/2057 applied. Total new triples: 425
Rule 106/2057 applied. Total new triples: 425
Rule 107/2057 applied. Total new triples: 426
Rule 108/2057 applied. Total new triples: 427
Rule 109/2057 applied. Total new triples: 427
Rule 110/2057 applied. Total new triples: 428
Rule 111/2057 applied. Total new triples: 428
Rule 112/2057 applied. Total new triples: 428
Rule 113/2057 applied. Total new triples: 428
Rule 114/2057 applied. Total new triples: 429
Rule 115/2057 applied. Total new triples: 451
Rule 116/2057 applied. Total new triples: 451
Rule 117/2057 applied. Total new triples: 452
Rule 118/2057 applied. Total new triples: 453
Rule 119/2057 applied. Total new triples: 457
Rule 120/2057 applied. Total new triples: 466
Rule 121/2057 applied. Total new triples: 473
Rule 122/2057 applied. Total new triples: 473
Rule 123/2057 applied. Total new triples: 473
Rule 124/2057 applied. Total new triples: 475
Rule 125/2057 applied. Total new triples: 491
Rule 126/2057 applied. Total new triples: 491
Rule 127/2057 applied. Total new triples: 491
Rule 128/2057 applied. Total new triples: 491
Rule 129/2057 applied. Total new triples: 491
Rule 130/2057 applied. Total new triples: 492
Rule 131/2057 applied. Total new triples: 493
Rule 132/2057 applied. Total new triples: 493
Rule 133/2057 applied. Total new triples: 493
Rule 134/2057 applied. Total new triples: 493
Rule 135/2057 applied. Total new triples: 494
Rule 136/2057 applied. Total new triples: 494
Rule 137/2057 applied. Total new triples: 513
Rule 138/2057 applied. Total new triples: 513
Rule 139/2057 applied. Total new triples: 514
Rule 140/2057 applied. Total new triples: 514
Rule 141/2057 applied. Total new triples: 516
Rule 142/2057 applied. Total new triples: 516
Rule 143/2057 applied. Total new triples: 516
Rule 144/2057 applied. Total new triples: 523
Rule 145/2057 applied. Total new triples: 524
Rule 146/2057 applied. Total new triples: 527
Rule 147/2057 applied. Total new triples: 531
Rule 148/2057 applied. Total new triples: 531
Rule 149/2057 applied. Total new triples: 540
Rule 150/2057 applied. Total new triples: 540
Rule 151/2057 applied. Total new triples: 540
Rule 152/2057 applied. Total new triples: 540
Rule 153/2057 applied. Total new triples: 540
Rule 154/2057 applied. Total new triples: 541
Rule 155/2057 applied. Total new triples: 541
Rule 156/2057 applied. Total new triples: 541
Rule 157/2057 applied. Total new triples: 541
Rule 158/2057 applied. Total new triples: 542
Rule 159/2057 applied. Total new triples: 542
Rule 160/2057 applied. Total new triples: 543
Rule 161/2057 applied. Total new triples: 544
Rule 162/2057 applied. Total new triples: 544
Rule 163/2057 applied. Total new triples: 545
Rule 164/2057 applied. Total new triples: 545
Rule 165/2057 applied. Total new triples: 547
Rule 166/2057 applied. Total new triples: 548
Rule 167/2057 applied. Total new triples: 548
Rule 168/2057 applied. Total new triples: 549
Rule 169/2057 applied. Total new triples: 557
Rule 170/2057 applied. Total new triples: 558
Rule 171/2057 applied. Total new triples: 558
Rule 172/2057 applied. Total new triples: 558
Rule 173/2057 applied. Total new triples: 558
Rule 174/2057 applied. Total new triples: 559
Rule 175/2057 applied. Total new triples: 596
Rule 176/2057 applied. Total new triples: 600
Rule 177/2057 applied. Total new triples: 625
Rule 178/2057 applied. Total new triples: 628
Rule 179/2057 applied. Total new triples: 628
Rule 180/2057 applied. Total new triples: 628
Rule 181/2057 applied. Total new triples: 628
Rule 182/2057 applied. Total new triples: 634
Rule 183/2057 applied. Total new triples: 635
Rule 184/2057 applied. Total new triples: 639
Rule 185/2057 applied. Total new triples: 639
Rule 186/2057 applied. Total new triples: 639
Rule 187/2057 applied. Total new triples: 655
Rule 188/2057 applied. Total new triples: 655
Rule 189/2057 applied. Total new triples: 659
Rule 190/2057 applied. Total new triples: 692
Rule 191/2057 applied. Total new triples: 692
Rule 192/2057 applied. Total new triples: 692
Rule 193/2057 applied. Total new triples: 752
Rule 194/2057 applied. Total new triples: 753
Rule 195/2057 applied. Total new triples: 760
Rule 196/2057 applied. Total new triples: 760
Rule 197/2057 applied. Total new triples: 760
Rule 198/2057 applied. Total new triples: 764
Rule 199/2057 applied. Total new triples: 766
Rule 200/2057 applied. Total new triples: 766
Rule 201/2057 applied. Total new triples: 769
Rule 202/2057 applied. Total new triples: 769
Rule 203/2057 applied. Total new triples: 777
Rule 204/2057 applied. Total new triples: 777
Rule 205/2057 applied. Total new triples: 785
Rule 206/2057 applied. Total new triples: 785
Rule 207/2057 applied. Total new triples: 785
Rule 208/2057 applied. Total new triples: 785
Rule 209/2057 applied. Total new triples: 789
Rule 210/2057 applied. Total new triples: 789
Rule 211/2057 applied. Total new triples: 789
Rule 212/2057 applied. Total new triples: 789
Rule 213/2057 applied. Total new triples: 789
Rule 214/2057 applied. Total new triples: 789
Rule 215/2057 applied. Total new triples: 794
Rule 216/2057 applied. Total new triples: 795
Rule 217/2057 applied. Total new triples: 795
Rule 218/2057 applied. Total new triples: 804
Rule 219/2057 applied. Total new triples: 804
Rule 220/2057 applied. Total new triples: 804
Rule 221/2057 applied. Total new triples: 812
Rule 222/2057 applied. Total new triples: 813
Rule 223/2057 applied. Total new triples: 827
Rule 224/2057 applied. Total new triples: 827
Rule 225/2057 applied. Total new triples: 827
Rule 226/2057 applied. Total new triples: 827
Rule 227/2057 applied. Total new triples: 830
Rule 228/2057 applied. Total new triples: 831
Rule 229/2057 applied. Total new triples: 831
Rule 230/2057 applied. Total new triples: 831
Rule 231/2057 applied. Total new triples: 838
Rule 232/2057 applied. Total new triples: 841
Rule 233/2057 applied. Total new triples: 843
Rule 234/2057 applied. Total new triples: 843
Rule 235/2057 applied. Total new triples: 844
Rule 236/2057 applied. Total new triples: 844
Rule 237/2057 applied. Total new triples: 844
Rule 238/2057 applied. Total new triples: 844
Rule 239/2057 applied. Total new triples: 844
Rule 240/2057 applied. Total new triples: 844
Rule 241/2057 applied. Total new triples: 844
Rule 242/2057 applied. Total new triples: 844
Rule 243/2057 applied. Total new triples: 845
Rule 244/2057 applied. Total new triples: 845
Rule 245/2057 applied. Total new triples: 845
Rule 246/2057 applied. Total new triples: 849
Rule 247/2057 applied. Total new triples: 850
Rule 248/2057 applied. Total new triples: 851
Rule 249/2057 applied. Total new triples: 851
Rule 250/2057 applied. Total new triples: 1031
Rule 251/2057 applied. Total new triples: 1031
Rule 252/2057 applied. Total new triples: 1037
Rule 253/2057 applied. Total new triples: 1044
Rule 254/2057 applied. Total new triples: 1047
Rule 255/2057 applied. Total new triples: 1050
Rule 256/2057 applied. Total new triples: 1050
Rule 257/2057 applied. Total new triples: 1086
Rule 258/2057 applied. Total new triples: 1087
Rule 259/2057 applied. Total new triples: 1088
Rule 260/2057 applied. Total new triples: 1091
Rule 261/2057 applied. Total new triples: 1091
Rule 262/2057 applied. Total new triples: 1091
Rule 263/2057 applied. Total new triples: 1094
Rule 264/2057 applied. Total new triples: 1095
Rule 265/2057 applied. Total new triples: 1095
Rule 266/2057 applied. Total new triples: 1095
Rule 267/2057 applied. Total new triples: 1108
Rule 268/2057 applied. Total new triples: 1108
Rule 269/2057 applied. Total new triples: 1108
Rule 270/2057 applied. Total new triples: 1120
Rule 271/2057 applied. Total new triples: 1121
Rule 272/2057 applied. Total new triples: 1122
Rule 273/2057 applied. Total new triples: 1122
Rule 274/2057 applied. Total new triples: 1126
Rule 275/2057 applied. Total new triples: 1132
Rule 276/2057 applied. Total new triples: 1134
Rule 277/2057 applied. Total new triples: 1150
Rule 278/2057 applied. Total new triples: 1155
Rule 279/2057 applied. Total new triples: 1162
Rule 280/2057 applied. Total new triples: 1182
Rule 281/2057 applied. Total new triples: 1186
Rule 282/2057 applied. Total new triples: 1187
Rule 283/2057 applied. Total new triples: 1187
Rule 284/2057 applied. Total new triples: 1187
Rule 285/2057 applied. Total new triples: 1192
Rule 286/2057 applied. Total new triples: 1192
Rule 287/2057 applied. Total new triples: 1192
Rule 288/2057 applied. Total new triples: 1193
Rule 289/2057 applied. Total new triples: 1196
Rule 290/2057 applied. Total new triples: 1196
Rule 291/2057 applied. Total new triples: 1196
Rule 292/2057 applied. Total new triples: 1206
Rule 293/2057 applied. Total new triples: 1206
Rule 294/2057 applied. Total new triples: 1206
Rule 295/2057 applied. Total new triples: 1206
Rule 296/2057 applied. Total new triples: 1206
Rule 297/2057 applied. Total new triples: 1206
Rule 298/2057 applied. Total new triples: 1206
Rule 299/2057 applied. Total new triples: 1220
Rule 300/2057 applied. Total new triples: 1220
Rule 301/2057 applied. Total new triples: 1221
Rule 302/2057 applied. Total new triples: 1223
Rule 303/2057 applied. Total new triples: 1223
Rule 304/2057 applied. Total new triples: 1229
Rule 305/2057 applied. Total new triples: 1244
Rule 306/2057 applied. Total new triples: 1244
Rule 307/2057 applied. Total new triples: 1246
Rule 308/2057 applied. Total new triples: 1253
Rule 309/2057 applied. Total new triples: 1253
Rule 310/2057 applied. Total new triples: 1253
Rule 311/2057 applied. Total new triples: 1253
Rule 312/2057 applied. Total new triples: 1254
Rule 313/2057 applied. Total new triples: 1254
Rule 314/2057 applied. Total new triples: 1254
Rule 315/2057 applied. Total new triples: 1255
Rule 316/2057 applied. Total new triples: 1259
Rule 317/2057 applied. Total new triples: 1259
Rule 318/2057 applied. Total new triples: 1259
Rule 319/2057 applied. Total new triples: 1259
Rule 320/2057 applied. Total new triples: 1259
Rule 321/2057 applied. Total new triples: 1259
Rule 322/2057 applied. Total new triples: 1259
Rule 323/2057 applied. Total new triples: 1260
Rule 324/2057 applied. Total new triples: 1260
Rule 325/2057 applied. Total new triples: 1260
Rule 326/2057 applied. Total new triples: 1260
Rule 327/2057 applied. Total new triples: 1260
Rule 328/2057 applied. Total new triples: 1260
Rule 329/2057 applied. Total new triples: 1260
Rule 330/2057 applied. Total new triples: 1262
Rule 331/2057 applied. Total new triples: 1262
Rule 332/2057 applied. Total new triples: 1262
Rule 333/2057 applied. Total new triples: 1262
Rule 334/2057 applied. Total new triples: 1262
Rule 335/2057 applied. Total new triples: 1263
Rule 336/2057 applied. Total new triples: 1264
Rule 337/2057 applied. Total new triples: 1265
Rule 338/2057 applied. Total new triples: 1269
Rule 339/2057 applied. Total new triples: 1275
Rule 340/2057 applied. Total new triples: 1275
Rule 341/2057 applied. Total new triples: 1319
Rule 342/2057 applied. Total new triples: 1323
Rule 343/2057 applied. Total new triples: 1324
Rule 344/2057 applied. Total new triples: 1325
Rule 345/2057 applied. Total new triples: 1340
Rule 346/2057 applied. Total new triples: 1367
Rule 347/2057 applied. Total new triples: 1369
Rule 348/2057 applied. Total new triples: 1369
Rule 349/2057 applied. Total new triples: 1369
Rule 350/2057 applied. Total new triples: 1369
Rule 351/2057 applied. Total new triples: 1369
Rule 352/2057 applied. Total new triples: 1370
Rule 353/2057 applied. Total new triples: 1371
Rule 354/2057 applied. Total new triples: 1371
Rule 355/2057 applied. Total new triples: 1371
Rule 356/2057 applied. Total new triples: 1373
Rule 357/2057 applied. Total new triples: 1373
Rule 358/2057 applied. Total new triples: 1375
Rule 359/2057 applied. Total new triples: 1375
Rule 360/2057 applied. Total new triples: 1375
Rule 361/2057 applied. Total new triples: 1375
Rule 362/2057 applied. Total new triples: 1375
Rule 363/2057 applied. Total new triples: 1377
Rule 364/2057 applied. Total new triples: 1379
Rule 365/2057 applied. Total new triples: 1382
Rule 366/2057 applied. Total new triples: 1384
Rule 367/2057 applied. Total new triples: 1385
Rule 368/2057 applied. Total new triples: 1385
Rule 369/2057 applied. Total new triples: 1386
Rule 370/2057 applied. Total new triples: 1386
Rule 371/2057 applied. Total new triples: 1386
Rule 372/2057 applied. Total new triples: 1387
Rule 373/2057 applied. Total new triples: 1387
Rule 374/2057 applied. Total new triples: 1387
Rule 375/2057 applied. Total new triples: 1400
Rule 376/2057 applied. Total new triples: 1408
Rule 377/2057 applied. Total new triples: 1408
Rule 378/2057 applied. Total new triples: 1410
Rule 379/2057 applied. Total new triples: 1410
Rule 380/2057 applied. Total new triples: 1414
Rule 381/2057 applied. Total new triples: 1415
Rule 382/2057 applied. Total new triples: 1427
Rule 383/2057 applied. Total new triples: 1435
Rule 384/2057 applied. Total new triples: 1435
Rule 385/2057 applied. Total new triples: 1435
Rule 386/2057 applied. Total new triples: 1436
Rule 387/2057 applied. Total new triples: 1436
Rule 388/2057 applied. Total new triples: 1436
Rule 389/2057 applied. Total new triples: 1437
Rule 390/2057 applied. Total new triples: 1438
Rule 391/2057 applied. Total new triples: 1438
Rule 392/2057 applied. Total new triples: 1438
Rule 393/2057 applied. Total new triples: 1438
Rule 394/2057 applied. Total new triples: 1438
Rule 395/2057 applied. Total new triples: 1441
Rule 396/2057 applied. Total new triples: 1441
Rule 397/2057 applied. Total new triples: 1443
Rule 398/2057 applied. Total new triples: 1444
Rule 399/2057 applied. Total new triples: 1444
Rule 400/2057 applied. Total new triples: 1444
Rule 401/2057 applied. Total new triples: 1444
Rule 402/2057 applied. Total new triples: 1445
Rule 403/2057 applied. Total new triples: 1445
Rule 404/2057 applied. Total new triples: 1446
Rule 405/2057 applied. Total new triples: 1458
Rule 406/2057 applied. Total new triples: 1459
Rule 407/2057 applied. Total new triples: 1459
Rule 408/2057 applied. Total new triples: 1465
Rule 409/2057 applied. Total new triples: 1466
Rule 410/2057 applied. Total new triples: 1473
Rule 411/2057 applied. Total new triples: 1478
Rule 412/2057 applied. Total new triples: 1479
Rule 413/2057 applied. Total new triples: 1487
Rule 414/2057 applied. Total new triples: 1739
Rule 415/2057 applied. Total new triples: 1739
Rule 416/2057 applied. Total new triples: 1781
Rule 417/2057 applied. Total new triples: 1781
Rule 418/2057 applied. Total new triples: 1784
Rule 419/2057 applied. Total new triples: 1787
Rule 420/2057 applied. Total new triples: 1795
Rule 421/2057 applied. Total new triples: 1816
Rule 422/2057 applied. Total new triples: 1819
Rule 423/2057 applied. Total new triples: 1841
Rule 424/2057 applied. Total new triples: 1841
Rule 425/2057 applied. Total new triples: 1844
Rule 426/2057 applied. Total new triples: 1853
Rule 427/2057 applied. Total new triples: 1861
Rule 428/2057 applied. Total new triples: 1867
Rule 429/2057 applied. Total new triples: 1868
Rule 430/2057 applied. Total new triples: 1871
Rule 431/2057 applied. Total new triples: 1875
Rule 432/2057 applied. Total new triples: 1875
Rule 433/2057 applied. Total new triples: 1875
Rule 434/2057 applied. Total new triples: 1878
Rule 435/2057 applied. Total new triples: 1940
Rule 436/2057 applied. Total new triples: 1944
Rule 437/2057 applied. Total new triples: 1955
Rule 438/2057 applied. Total new triples: 1965
Rule 439/2057 applied. Total new triples: 1968
Rule 440/2057 applied. Total new triples: 1968
Rule 441/2057 applied. Total new triples: 1968
Rule 442/2057 applied. Total new triples: 1969
Rule 443/2057 applied. Total new triples: 1970
Rule 444/2057 applied. Total new triples: 1970
Rule 445/2057 applied. Total new triples: 1970
Rule 446/2057 applied. Total new triples: 1970
Rule 447/2057 applied. Total new triples: 1973
Rule 448/2057 applied. Total new triples: 1979
Rule 449/2057 applied. Total new triples: 1980
Rule 450/2057 applied. Total new triples: 1980
Rule 451/2057 applied. Total new triples: 1980
Rule 452/2057 applied. Total new triples: 1980
Rule 453/2057 applied. Total new triples: 1980
Rule 454/2057 applied. Total new triples: 1980
Rule 455/2057 applied. Total new triples: 1980
Rule 456/2057 applied. Total new triples: 1980
Rule 457/2057 applied. Total new triples: 1980
Rule 458/2057 applied. Total new triples: 1980
Rule 459/2057 applied. Total new triples: 1983
Rule 460/2057 applied. Total new triples: 1984
Rule 461/2057 applied. Total new triples: 1996
Rule 462/2057 applied. Total new triples: 1999
Rule 463/2057 applied. Total new triples: 2000
Rule 464/2057 applied. Total new triples: 2002
Rule 465/2057 applied. Total new triples: 2002
Rule 466/2057 applied. Total new triples: 2002
Rule 467/2057 applied. Total new triples: 2002
Rule 468/2057 applied. Total new triples: 2002
Rule 469/2057 applied. Total new triples: 2002
Rule 470/2057 applied. Total new triples: 2003
Rule 471/2057 applied. Total new triples: 2004
Rule 472/2057 applied. Total new triples: 2005
Rule 473/2057 applied. Total new triples: 2005
Rule 474/2057 applied. Total new triples: 2006
Rule 475/2057 applied. Total new triples: 2008
Rule 476/2057 applied. Total new triples: 2008
Rule 477/2057 applied. Total new triples: 2012
Rule 478/2057 applied. Total new triples: 2012
Rule 479/2057 applied. Total new triples: 2012
Rule 480/2057 applied. Total new triples: 2012
Rule 481/2057 applied. Total new triples: 2012
Rule 482/2057 applied. Total new triples: 2013
Rule 483/2057 applied. Total new triples: 2013
Rule 484/2057 applied. Total new triples: 2013
Rule 485/2057 applied. Total new triples: 2015
Rule 486/2057 applied. Total new triples: 2015
Rule 487/2057 applied. Total new triples: 2017
Rule 488/2057 applied. Total new triples: 2017
Rule 489/2057 applied. Total new triples: 2018
Rule 490/2057 applied. Total new triples: 2018
Rule 491/2057 applied. Total new triples: 2019
Rule 492/2057 applied. Total new triples: 2020
Rule 493/2057 applied. Total new triples: 2020
Rule 494/2057 applied. Total new triples: 2021
Rule 495/2057 applied. Total new triples: 2021
Rule 496/2057 applied. Total new triples: 2022
Rule 497/2057 applied. Total new triples: 2033
Rule 498/2057 applied. Total new triples: 2033
Rule 499/2057 applied. Total new triples: 2038
Rule 500/2057 applied. Total new triples: 2039
Rule 501/2057 applied. Total new triples: 2039
Rule 502/2057 applied. Total new triples: 2039
Rule 503/2057 applied. Total new triples: 2039
Rule 504/2057 applied. Total new triples: 2039
Rule 505/2057 applied. Total new triples: 2039
Rule 506/2057 applied. Total new triples: 2040
Rule 507/2057 applied. Total new triples: 2041
Rule 508/2057 applied. Total new triples: 2041
Rule 509/2057 applied. Total new triples: 2041
Rule 510/2057 applied. Total new triples: 2054
Rule 511/2057 applied. Total new triples: 2054
Rule 512/2057 applied. Total new triples: 2054
Rule 513/2057 applied. Total new triples: 2055
Rule 514/2057 applied. Total new triples: 2055
Rule 515/2057 applied. Total new triples: 2055
Rule 516/2057 applied. Total new triples: 2055
Rule 517/2057 applied. Total new triples: 2055
Rule 518/2057 applied. Total new triples: 2055
Rule 519/2057 applied. Total new triples: 2055
Rule 520/2057 applied. Total new triples: 2055
Rule 521/2057 applied. Total new triples: 2056
Rule 522/2057 applied. Total new triples: 2056
Rule 523/2057 applied. Total new triples: 2059
Rule 524/2057 applied. Total new triples: 2059
Rule 525/2057 applied. Total new triples: 2061
Rule 526/2057 applied. Total new triples: 2061
Rule 527/2057 applied. Total new triples: 2061
Rule 528/2057 applied. Total new triples: 2064
Rule 529/2057 applied. Total new triples: 2064
Rule 530/2057 applied. Total new triples: 2066
Rule 531/2057 applied. Total new triples: 2067
Rule 532/2057 applied. Total new triples: 2067
Rule 533/2057 applied. Total new triples: 2068
Rule 534/2057 applied. Total new triples: 2068
Rule 535/2057 applied. Total new triples: 2068
Rule 536/2057 applied. Total new triples: 2068
Rule 537/2057 applied. Total new triples: 2071
Rule 538/2057 applied. Total new triples: 2072
Rule 539/2057 applied. Total new triples: 2072
Rule 540/2057 applied. Total new triples: 2072
Rule 541/2057 applied. Total new triples: 2072
Rule 542/2057 applied. Total new triples: 2072
Rule 543/2057 applied. Total new triples: 2072
Rule 544/2057 applied. Total new triples: 2073
Rule 545/2057 applied. Total new triples: 2073
Rule 546/2057 applied. Total new triples: 2076
Rule 547/2057 applied. Total new triples: 2076
Rule 548/2057 applied. Total new triples: 2076
Rule 549/2057 applied. Total new triples: 2078
Rule 550/2057 applied. Total new triples: 2079
Rule 551/2057 applied. Total new triples: 2081
Rule 552/2057 applied. Total new triples: 2081
Rule 553/2057 applied. Total new triples: 2081
Rule 554/2057 applied. Total new triples: 2081
Rule 555/2057 applied. Total new triples: 2082
Rule 556/2057 applied. Total new triples: 2105
Rule 557/2057 applied. Total new triples: 2142
Rule 558/2057 applied. Total new triples: 2457
Rule 559/2057 applied. Total new triples: 2458
Rule 560/2057 applied. Total new triples: 2458
Rule 561/2057 applied. Total new triples: 2461
Rule 562/2057 applied. Total new triples: 2461
Rule 563/2057 applied. Total new triples: 2461
Rule 564/2057 applied. Total new triples: 2468
Rule 565/2057 applied. Total new triples: 2492
Rule 566/2057 applied. Total new triples: 2509
Rule 567/2057 applied. Total new triples: 2509
Rule 568/2057 applied. Total new triples: 2515
Rule 569/2057 applied. Total new triples: 2525
Rule 570/2057 applied. Total new triples: 2534
Rule 571/2057 applied. Total new triples: 2566
Rule 572/2057 applied. Total new triples: 2570
Rule 573/2057 applied. Total new triples: 2574
Rule 574/2057 applied. Total new triples: 2574
Rule 575/2057 applied. Total new triples: 2574
Rule 576/2057 applied. Total new triples: 2629
Rule 577/2057 applied. Total new triples: 2647
Rule 578/2057 applied. Total new triples: 2652
Rule 579/2057 applied. Total new triples: 2655
Rule 580/2057 applied. Total new triples: 2656
Rule 581/2057 applied. Total new triples: 2656
Rule 582/2057 applied. Total new triples: 2658
Rule 583/2057 applied. Total new triples: 2692
Rule 584/2057 applied. Total new triples: 2692
Rule 585/2057 applied. Total new triples: 2692
Rule 586/2057 applied. Total new triples: 2692
Rule 587/2057 applied. Total new triples: 2713
Rule 588/2057 applied. Total new triples: 2713
Rule 589/2057 applied. Total new triples: 2714
Rule 590/2057 applied. Total new triples: 2720
Rule 591/2057 applied. Total new triples: 2721
Rule 592/2057 applied. Total new triples: 2727
Rule 593/2057 applied. Total new triples: 2736
Rule 594/2057 applied. Total new triples: 2736
Rule 595/2057 applied. Total new triples: 2737
Rule 596/2057 applied. Total new triples: 2741
Rule 597/2057 applied. Total new triples: 2744
Rule 598/2057 applied. Total new triples: 2749
Rule 599/2057 applied. Total new triples: 2763
Rule 600/2057 applied. Total new triples: 2763
Rule 601/2057 applied. Total new triples: 2763
Rule 602/2057 applied. Total new triples: 2767
Rule 603/2057 applied. Total new triples: 2768
Rule 604/2057 applied. Total new triples: 2811
Rule 605/2057 applied. Total new triples: 2814
Rule 606/2057 applied. Total new triples: 2820
Rule 607/2057 applied. Total new triples: 2841
Rule 608/2057 applied. Total new triples: 2842
Rule 609/2057 applied. Total new triples: 2842
Rule 610/2057 applied. Total new triples: 2843
Rule 611/2057 applied. Total new triples: 2845
Rule 612/2057 applied. Total new triples: 2845
Rule 613/2057 applied. Total new triples: 2848
Rule 614/2057 applied. Total new triples: 2848
Rule 615/2057 applied. Total new triples: 2874
Rule 616/2057 applied. Total new triples: 2874
Rule 617/2057 applied. Total new triples: 2875
Rule 618/2057 applied. Total new triples: 2876
Rule 619/2057 applied. Total new triples: 2878
Rule 620/2057 applied. Total new triples: 2880
Rule 621/2057 applied. Total new triples: 2880
Rule 622/2057 applied. Total new triples: 2880
Rule 623/2057 applied. Total new triples: 2881
Rule 624/2057 applied. Total new triples: 2881
Rule 625/2057 applied. Total new triples: 2881
Rule 626/2057 applied. Total new triples: 2882
Rule 627/2057 applied. Total new triples: 2884
Rule 628/2057 applied. Total new triples: 2887
Rule 629/2057 applied. Total new triples: 2887
Rule 630/2057 applied. Total new triples: 2902
Rule 631/2057 applied. Total new triples: 2927
Rule 632/2057 applied. Total new triples: 2927
Rule 633/2057 applied. Total new triples: 2927
Rule 634/2057 applied. Total new triples: 2927
Rule 635/2057 applied. Total new triples: 2927
Rule 636/2057 applied. Total new triples: 2927
Rule 637/2057 applied. Total new triples: 2927
Rule 638/2057 applied. Total new triples: 2930
Rule 639/2057 applied. Total new triples: 2930
Rule 640/2057 applied. Total new triples: 2934
Rule 641/2057 applied. Total new triples: 2934
Rule 642/2057 applied. Total new triples: 2934
Rule 643/2057 applied. Total new triples: 2934
Rule 644/2057 applied. Total new triples: 2935
Rule 645/2057 applied. Total new triples: 2935
Rule 646/2057 applied. Total new triples: 2944
Rule 647/2057 applied. Total new triples: 2944
Rule 648/2057 applied. Total new triples: 2944
Rule 649/2057 applied. Total new triples: 2944
Rule 650/2057 applied. Total new triples: 2948
Rule 651/2057 applied. Total new triples: 2959
Rule 652/2057 applied. Total new triples: 2963
Rule 653/2057 applied. Total new triples: 2963
Rule 654/2057 applied. Total new triples: 2971
Rule 655/2057 applied. Total new triples: 3071
Rule 656/2057 applied. Total new triples: 3071
Rule 657/2057 applied. Total new triples: 3075
Rule 658/2057 applied. Total new triples: 3075
Rule 659/2057 applied. Total new triples: 3075
Rule 660/2057 applied. Total new triples: 3077
Rule 661/2057 applied. Total new triples: 3079
Rule 662/2057 applied. Total new triples: 3082
Rule 663/2057 applied. Total new triples: 3082
Rule 664/2057 applied. Total new triples: 3082
Rule 665/2057 applied. Total new triples: 3083
Rule 666/2057 applied. Total new triples: 3083
Rule 667/2057 applied. Total new triples: 3083
Rule 668/2057 applied. Total new triples: 3084
Rule 669/2057 applied. Total new triples: 3084
Rule 670/2057 applied. Total new triples: 3086
Rule 671/2057 applied. Total new triples: 3086
Rule 672/2057 applied. Total new triples: 3086
Rule 673/2057 applied. Total new triples: 3087
Rule 674/2057 applied. Total new triples: 3087
Rule 675/2057 applied. Total new triples: 3087
Rule 676/2057 applied. Total new triples: 3098
Rule 677/2057 applied. Total new triples: 3105
Rule 678/2057 applied. Total new triples: 3105
Rule 679/2057 applied. Total new triples: 3105
Rule 680/2057 applied. Total new triples: 3105
Rule 681/2057 applied. Total new triples: 3105
Rule 682/2057 applied. Total new triples: 3105
Rule 683/2057 applied. Total new triples: 3105
Rule 684/2057 applied. Total new triples: 3106
Rule 685/2057 applied. Total new triples: 3111
Rule 686/2057 applied. Total new triples: 3111
Rule 687/2057 applied. Total new triples: 3111
Rule 688/2057 applied. Total new triples: 3111
Rule 689/2057 applied. Total new triples: 3111
Rule 690/2057 applied. Total new triples: 3111
Rule 691/2057 applied. Total new triples: 3113
Rule 692/2057 applied. Total new triples: 3115
Rule 693/2057 applied. Total new triples: 3115
Rule 694/2057 applied. Total new triples: 3115
Rule 695/2057 applied. Total new triples: 3115
Rule 696/2057 applied. Total new triples: 3115
Rule 697/2057 applied. Total new triples: 3124
Rule 698/2057 applied. Total new triples: 3124
Rule 699/2057 applied. Total new triples: 3124
Rule 700/2057 applied. Total new triples: 3126
Rule 701/2057 applied. Total new triples: 3127
Rule 702/2057 applied. Total new triples: 3127
Rule 703/2057 applied. Total new triples: 3127
Rule 704/2057 applied. Total new triples: 3130
Rule 705/2057 applied. Total new triples: 3131
Rule 706/2057 applied. Total new triples: 3133
Rule 707/2057 applied. Total new triples: 3135
Rule 708/2057 applied. Total new triples: 3135
Rule 709/2057 applied. Total new triples: 3135
Rule 710/2057 applied. Total new triples: 3135
Rule 711/2057 applied. Total new triples: 3136
Rule 712/2057 applied. Total new triples: 3136
Rule 713/2057 applied. Total new triples: 3146
Rule 714/2057 applied. Total new triples: 3146
Rule 715/2057 applied. Total new triples: 3162
Rule 716/2057 applied. Total new triples: 3176
Rule 717/2057 applied. Total new triples: 3179
Rule 718/2057 applied. Total new triples: 3179
Rule 719/2057 applied. Total new triples: 3179
Rule 720/2057 applied. Total new triples: 3179
Rule 721/2057 applied. Total new triples: 3179
Rule 722/2057 applied. Total new triples: 3180
Rule 723/2057 applied. Total new triples: 3182
Rule 724/2057 applied. Total new triples: 3182
Rule 725/2057 applied. Total new triples: 3201
Rule 726/2057 applied. Total new triples: 3201
Rule 727/2057 applied. Total new triples: 3201
Rule 728/2057 applied. Total new triples: 3201
Rule 729/2057 applied. Total new triples: 3201
Rule 730/2057 applied. Total new triples: 3202
Rule 731/2057 applied. Total new triples: 3202
Rule 732/2057 applied. Total new triples: 3203
Rule 733/2057 applied. Total new triples: 3204
Rule 734/2057 applied. Total new triples: 3206
Rule 735/2057 applied. Total new triples: 3206
Rule 736/2057 applied. Total new triples: 3206
Rule 737/2057 applied. Total new triples: 3208
Rule 738/2057 applied. Total new triples: 3208
Rule 739/2057 applied. Total new triples: 3208
Rule 740/2057 applied. Total new triples: 3208
Rule 741/2057 applied. Total new triples: 3208
Rule 742/2057 applied. Total new triples: 3208
Rule 743/2057 applied. Total new triples: 3208
Rule 744/2057 applied. Total new triples: 3209
Rule 745/2057 applied. Total new triples: 3209
Rule 746/2057 applied. Total new triples: 3258
Rule 747/2057 applied. Total new triples: 3258
Rule 748/2057 applied. Total new triples: 3260
Rule 749/2057 applied. Total new triples: 3261
Rule 750/2057 applied. Total new triples: 3261
Rule 751/2057 applied. Total new triples: 3268
Rule 752/2057 applied. Total new triples: 3275
Rule 753/2057 applied. Total new triples: 3277
Rule 754/2057 applied. Total new triples: 3277
Rule 755/2057 applied. Total new triples: 3277
Rule 756/2057 applied. Total new triples: 3279
Rule 757/2057 applied. Total new triples: 3281
Rule 758/2057 applied. Total new triples: 3282
Rule 759/2057 applied. Total new triples: 3287
Rule 760/2057 applied. Total new triples: 3287
Rule 761/2057 applied. Total new triples: 3299
Rule 762/2057 applied. Total new triples: 3299
Rule 763/2057 applied. Total new triples: 3299
Rule 764/2057 applied. Total new triples: 11039
Rule 765/2057 applied. Total new triples: 11040
Rule 766/2057 applied. Total new triples: 11045
Rule 767/2057 applied. Total new triples: 11048
Rule 768/2057 applied. Total new triples: 11048
Rule 769/2057 applied. Total new triples: 11048
Rule 770/2057 applied. Total new triples: 11048
Rule 771/2057 applied. Total new triples: 11048
Rule 772/2057 applied. Total new triples: 11048
Rule 773/2057 applied. Total new triples: 18469
Rule 774/2057 applied. Total new triples: 18473
Rule 775/2057 applied. Total new triples: 18483
Rule 776/2057 applied. Total new triples: 18483
Rule 777/2057 applied. Total new triples: 18483
Rule 778/2057 applied. Total new triples: 18483
Rule 779/2057 applied. Total new triples: 18483
Rule 780/2057 applied. Total new triples: 18483
Rule 781/2057 applied. Total new triples: 18483
Rule 782/2057 applied. Total new triples: 18483
Rule 783/2057 applied. Total new triples: 18489
Rule 784/2057 applied. Total new triples: 18491
Rule 785/2057 applied. Total new triples: 18491
Rule 786/2057 applied. Total new triples: 18491
Rule 787/2057 applied. Total new triples: 18491
Rule 788/2057 applied. Total new triples: 18491
Rule 789/2057 applied. Total new triples: 18491
Rule 790/2057 applied. Total new triples: 18491
Rule 791/2057 applied. Total new triples: 18492
Rule 792/2057 applied. Total new triples: 18493
Rule 793/2057 applied. Total new triples: 18495
Rule 794/2057 applied. Total new triples: 18495
Rule 795/2057 applied. Total new triples: 18495
Rule 796/2057 applied. Total new triples: 18537
Rule 797/2057 applied. Total new triples: 18547
Rule 798/2057 applied. Total new triples: 18558
Rule 799/2057 applied. Total new triples: 18597
Rule 800/2057 applied. Total new triples: 18597
Rule 801/2057 applied. Total new triples: 18597
Rule 802/2057 applied. Total new triples: 18607
Rule 803/2057 applied. Total new triples: 18608
Rule 804/2057 applied. Total new triples: 18622
Rule 805/2057 applied. Total new triples: 18628
Rule 806/2057 applied. Total new triples: 18630
Rule 807/2057 applied. Total new triples: 18632
Rule 808/2057 applied. Total new triples: 18632
Rule 809/2057 applied. Total new triples: 18639
Rule 810/2057 applied. Total new triples: 18642
Rule 811/2057 applied. Total new triples: 18645
Rule 812/2057 applied. Total new triples: 18645
Rule 813/2057 applied. Total new triples: 18645
Rule 814/2057 applied. Total new triples: 18645
Rule 815/2057 applied. Total new triples: 18647
Rule 816/2057 applied. Total new triples: 18650
Rule 817/2057 applied. Total new triples: 18650
Rule 818/2057 applied. Total new triples: 18660
Rule 819/2057 applied. Total new triples: 18661
Rule 820/2057 applied. Total new triples: 18661
Rule 821/2057 applied. Total new triples: 18672
Rule 822/2057 applied. Total new triples: 18680
Rule 823/2057 applied. Total new triples: 18697
Rule 824/2057 applied. Total new triples: 18707
Rule 825/2057 applied. Total new triples: 18722
Rule 826/2057 applied. Total new triples: 18723
Rule 827/2057 applied. Total new triples: 18723
Rule 828/2057 applied. Total new triples: 18723
Rule 829/2057 applied. Total new triples: 18723
Rule 830/2057 applied. Total new triples: 18723
Rule 831/2057 applied. Total new triples: 18723
Rule 832/2057 applied. Total new triples: 18723
Rule 833/2057 applied. Total new triples: 18724
Rule 834/2057 applied. Total new triples: 18725
Rule 835/2057 applied. Total new triples: 18726
Rule 836/2057 applied. Total new triples: 18726
Rule 837/2057 applied. Total new triples: 18726
Rule 838/2057 applied. Total new triples: 18729
Rule 839/2057 applied. Total new triples: 18742
Rule 840/2057 applied. Total new triples: 18743
Rule 841/2057 applied. Total new triples: 18743
Rule 842/2057 applied. Total new triples: 18743
Rule 843/2057 applied. Total new triples: 18743
Rule 844/2057 applied. Total new triples: 18743
Rule 845/2057 applied. Total new triples: 18743
Rule 846/2057 applied. Total new triples: 18743
Rule 847/2057 applied. Total new triples: 18743
Rule 848/2057 applied. Total new triples: 18743
Rule 849/2057 applied. Total new triples: 18743
Rule 850/2057 applied. Total new triples: 18743
Rule 851/2057 applied. Total new triples: 18743
Rule 852/2057 applied. Total new triples: 18743
Rule 853/2057 applied. Total new triples: 18743
Rule 854/2057 applied. Total new triples: 18743
Rule 855/2057 applied. Total new triples: 18743
Rule 856/2057 applied. Total new triples: 18743
Rule 857/2057 applied. Total new triples: 18743
Rule 858/2057 applied. Total new triples: 18743
Rule 859/2057 applied. Total new triples: 18743
Rule 860/2057 applied. Total new triples: 18743
Rule 861/2057 applied. Total new triples: 18747
Rule 862/2057 applied. Total new triples: 18749
Rule 863/2057 applied. Total new triples: 18749
Rule 864/2057 applied. Total new triples: 18750
Rule 865/2057 applied. Total new triples: 18774
Rule 866/2057 applied. Total new triples: 18774
Rule 867/2057 applied. Total new triples: 18774
Rule 868/2057 applied. Total new triples: 18784
Rule 869/2057 applied. Total new triples: 18800
Rule 870/2057 applied. Total new triples: 18800
Rule 871/2057 applied. Total new triples: 18803
Rule 872/2057 applied. Total new triples: 18809
Rule 873/2057 applied. Total new triples: 18809
Rule 874/2057 applied. Total new triples: 18812
Rule 875/2057 applied. Total new triples: 18822
Rule 876/2057 applied. Total new triples: 18839
Rule 877/2057 applied. Total new triples: 18839
Rule 878/2057 applied. Total new triples: 18842
Rule 879/2057 applied. Total new triples: 18842
Rule 880/2057 applied. Total new triples: 18844
Rule 881/2057 applied. Total new triples: 18845
Rule 882/2057 applied. Total new triples: 18861
Rule 883/2057 applied. Total new triples: 18863
Rule 884/2057 applied. Total new triples: 18878
Rule 885/2057 applied. Total new triples: 18892
Rule 886/2057 applied. Total new triples: 18894
Rule 887/2057 applied. Total new triples: 18897
Rule 888/2057 applied. Total new triples: 18897
Rule 889/2057 applied. Total new triples: 18903
Rule 890/2057 applied. Total new triples: 18905
Rule 891/2057 applied. Total new triples: 18905
Rule 892/2057 applied. Total new triples: 18905
Rule 893/2057 applied. Total new triples: 18908
Rule 894/2057 applied. Total new triples: 18908
Rule 895/2057 applied. Total new triples: 18910
Rule 896/2057 applied. Total new triples: 18913
Rule 897/2057 applied. Total new triples: 18913
Rule 898/2057 applied. Total new triples: 18913
Rule 899/2057 applied. Total new triples: 18917
Rule 900/2057 applied. Total new triples: 18917
Rule 901/2057 applied. Total new triples: 18917
Rule 902/2057 applied. Total new triples: 18918
Rule 903/2057 applied. Total new triples: 18919
Rule 904/2057 applied. Total new triples: 18919
Rule 905/2057 applied. Total new triples: 18919
Rule 906/2057 applied. Total new triples: 18920
Rule 907/2057 applied. Total new triples: 18920
Rule 908/2057 applied. Total new triples: 18924
Rule 909/2057 applied. Total new triples: 18924
Rule 910/2057 applied. Total new triples: 18924
Rule 911/2057 applied. Total new triples: 18925
Rule 912/2057 applied. Total new triples: 18938
Rule 913/2057 applied. Total new triples: 18943
Rule 914/2057 applied. Total new triples: 18959
Rule 915/2057 applied. Total new triples: 18990
Rule 916/2057 applied. Total new triples: 18991
Rule 917/2057 applied. Total new triples: 18994
Rule 918/2057 applied. Total new triples: 18994
Rule 919/2057 applied. Total new triples: 18997
Rule 920/2057 applied. Total new triples: 18997
Rule 921/2057 applied. Total new triples: 19001
Rule 922/2057 applied. Total new triples: 19002
Rule 923/2057 applied. Total new triples: 19003
Rule 924/2057 applied. Total new triples: 19006
Rule 925/2057 applied. Total new triples: 19006
Rule 926/2057 applied. Total new triples: 19007
Rule 927/2057 applied. Total new triples: 19009
Rule 928/2057 applied. Total new triples: 19011
Rule 929/2057 applied. Total new triples: 19015
Rule 930/2057 applied. Total new triples: 19015
Rule 931/2057 applied. Total new triples: 19017
Rule 932/2057 applied. Total new triples: 19020
Rule 933/2057 applied. Total new triples: 19020
Rule 934/2057 applied. Total new triples: 19036
Rule 935/2057 applied. Total new triples: 19038
Rule 936/2057 applied. Total new triples: 19042
Rule 937/2057 applied. Total new triples: 19044
Rule 938/2057 applied. Total new triples: 19046
Rule 939/2057 applied. Total new triples: 19051
Rule 940/2057 applied. Total new triples: 19066
Rule 941/2057 applied. Total new triples: 19084
Rule 942/2057 applied. Total new triples: 19084
Rule 943/2057 applied. Total new triples: 19084
Rule 944/2057 applied. Total new triples: 19089
Rule 945/2057 applied. Total new triples: 19089
Rule 946/2057 applied. Total new triples: 19089
Rule 947/2057 applied. Total new triples: 19092
Rule 948/2057 applied. Total new triples: 19092
Rule 949/2057 applied. Total new triples: 19093
Rule 950/2057 applied. Total new triples: 19093
Rule 951/2057 applied. Total new triples: 19093
Rule 952/2057 applied. Total new triples: 19093
Rule 953/2057 applied. Total new triples: 19095
Rule 954/2057 applied. Total new triples: 19096
Rule 955/2057 applied. Total new triples: 19102
Rule 956/2057 applied. Total new triples: 19103
Rule 957/2057 applied. Total new triples: 19104
Rule 958/2057 applied. Total new triples: 19107
Rule 959/2057 applied. Total new triples: 19112
Rule 960/2057 applied. Total new triples: 19114
Rule 961/2057 applied. Total new triples: 19114
Rule 962/2057 applied. Total new triples: 19114
Rule 963/2057 applied. Total new triples: 19115
Rule 964/2057 applied. Total new triples: 19115
Rule 965/2057 applied. Total new triples: 19115
Rule 966/2057 applied. Total new triples: 19119
Rule 967/2057 applied. Total new triples: 19121
Rule 968/2057 applied. Total new triples: 19121
Rule 969/2057 applied. Total new triples: 19121
Rule 970/2057 applied. Total new triples: 19122
Rule 971/2057 applied. Total new triples: 19122
Rule 972/2057 applied. Total new triples: 19123
Rule 973/2057 applied. Total new triples: 19123
Rule 974/2057 applied. Total new triples: 19123
Rule 975/2057 applied. Total new triples: 19123
Rule 976/2057 applied. Total new triples: 19124
Rule 977/2057 applied. Total new triples: 19124
Rule 978/2057 applied. Total new triples: 19124
Rule 979/2057 applied. Total new triples: 19124
Rule 980/2057 applied. Total new triples: 19124
Rule 981/2057 applied. Total new triples: 19124
Rule 982/2057 applied. Total new triples: 19125
Rule 983/2057 applied. Total new triples: 19125
Rule 984/2057 applied. Total new triples: 19125
Rule 985/2057 applied. Total new triples: 19125
Rule 986/2057 applied. Total new triples: 19129
Rule 987/2057 applied. Total new triples: 19129
Rule 988/2057 applied. Total new triples: 19129
Rule 989/2057 applied. Total new triples: 19129
Rule 990/2057 applied. Total new triples: 19129
Rule 991/2057 applied. Total new triples: 19129
Rule 992/2057 applied. Total new triples: 19131
Rule 993/2057 applied. Total new triples: 19150
Rule 994/2057 applied. Total new triples: 19189
Rule 995/2057 applied. Total new triples: 19189
Rule 996/2057 applied. Total new triples: 19256
Rule 997/2057 applied. Total new triples: 19278
Rule 998/2057 applied. Total new triples: 19279
Rule 999/2057 applied. Total new triples: 19281
Rule 1000/2057 applied. Total new triples: 19285
Rule 1001/2057 applied. Total new triples: 19285
Rule 1002/2057 applied. Total new triples: 19285
Rule 1003/2057 applied. Total new triples: 19368
Rule 1004/2057 applied. Total new triples: 19368
Rule 1005/2057 applied. Total new triples: 19368
Rule 1006/2057 applied. Total new triples: 19368
Rule 1007/2057 applied. Total new triples: 19377
Rule 1008/2057 applied. Total new triples: 19377
Rule 1009/2057 applied. Total new triples: 19379
Rule 1010/2057 applied. Total new triples: 19379
Rule 1011/2057 applied. Total new triples: 19379
Rule 1012/2057 applied. Total new triples: 19403
Rule 1013/2057 applied. Total new triples: 19403
Rule 1014/2057 applied. Total new triples: 19403
Rule 1015/2057 applied. Total new triples: 19406
Rule 1016/2057 applied. Total new triples: 19406
Rule 1017/2057 applied. Total new triples: 19406
Rule 1018/2057 applied. Total new triples: 19406
Rule 1019/2057 applied. Total new triples: 19406
Rule 1020/2057 applied. Total new triples: 19406
Rule 1021/2057 applied. Total new triples: 19406
Rule 1022/2057 applied. Total new triples: 19407
Rule 1023/2057 applied. Total new triples: 19409
Rule 1024/2057 applied. Total new triples: 19409
Rule 1025/2057 applied. Total new triples: 19410
Rule 1026/2057 applied. Total new triples: 19413
Rule 1027/2057 applied. Total new triples: 19415
Rule 1028/2057 applied. Total new triples: 19416
Rule 1029/2057 applied. Total new triples: 19417
Rule 1030/2057 applied. Total new triples: 19419
Rule 1031/2057 applied. Total new triples: 19423
Rule 1032/2057 applied. Total new triples: 19426
Rule 1033/2057 applied. Total new triples: 19456
Rule 1034/2057 applied. Total new triples: 19456
Rule 1035/2057 applied. Total new triples: 19456
Rule 1036/2057 applied. Total new triples: 19461
Rule 1037/2057 applied. Total new triples: 19463
Rule 1038/2057 applied. Total new triples: 19463
Rule 1039/2057 applied. Total new triples: 19468
Rule 1040/2057 applied. Total new triples: 19468
Rule 1041/2057 applied. Total new triples: 19469
Rule 1042/2057 applied. Total new triples: 19469
Rule 1043/2057 applied. Total new triples: 19469
Rule 1044/2057 applied. Total new triples: 19470
Rule 1045/2057 applied. Total new triples: 19471
Rule 1046/2057 applied. Total new triples: 19472
Rule 1047/2057 applied. Total new triples: 19472
Rule 1048/2057 applied. Total new triples: 19473
Rule 1049/2057 applied. Total new triples: 19474
Rule 1050/2057 applied. Total new triples: 19476
Rule 1051/2057 applied. Total new triples: 19476
Rule 1052/2057 applied. Total new triples: 19476
Rule 1053/2057 applied. Total new triples: 19486
Rule 1054/2057 applied. Total new triples: 19487
Rule 1055/2057 applied. Total new triples: 19487
Rule 1056/2057 applied. Total new triples: 19487
Rule 1057/2057 applied. Total new triples: 19488
Rule 1058/2057 applied. Total new triples: 19488
Rule 1059/2057 applied. Total new triples: 19488
Rule 1060/2057 applied. Total new triples: 19490
Rule 1061/2057 applied. Total new triples: 19491
Rule 1062/2057 applied. Total new triples: 19492
Rule 1063/2057 applied. Total new triples: 19492
Rule 1064/2057 applied. Total new triples: 19492
Rule 1065/2057 applied. Total new triples: 19494
Rule 1066/2057 applied. Total new triples: 19495
Rule 1067/2057 applied. Total new triples: 19495
Rule 1068/2057 applied. Total new triples: 19495
Rule 1069/2057 applied. Total new triples: 19501
Rule 1070/2057 applied. Total new triples: 19502
Rule 1071/2057 applied. Total new triples: 19504
Rule 1072/2057 applied. Total new triples: 19504
Rule 1073/2057 applied. Total new triples: 19504
Rule 1074/2057 applied. Total new triples: 19505
Rule 1075/2057 applied. Total new triples: 19505
Rule 1076/2057 applied. Total new triples: 19505
Rule 1077/2057 applied. Total new triples: 19505
Rule 1078/2057 applied. Total new triples: 19505
Rule 1079/2057 applied. Total new triples: 19505
Rule 1080/2057 applied. Total new triples: 19505
Rule 1081/2057 applied. Total new triples: 19505
Rule 1082/2057 applied. Total new triples: 19506
Rule 1083/2057 applied. Total new triples: 19541
Rule 1084/2057 applied. Total new triples: 19579
Rule 1085/2057 applied. Total new triples: 19603
Rule 1086/2057 applied. Total new triples: 19610
Rule 1087/2057 applied. Total new triples: 19618
Rule 1088/2057 applied. Total new triples: 19618
Rule 1089/2057 applied. Total new triples: 19620
Rule 1090/2057 applied. Total new triples: 19630
Rule 1091/2057 applied. Total new triples: 19630
Rule 1092/2057 applied. Total new triples: 19635
Rule 1093/2057 applied. Total new triples: 19635
Rule 1094/2057 applied. Total new triples: 19637
Rule 1095/2057 applied. Total new triples: 19638
Rule 1096/2057 applied. Total new triples: 19640
Rule 1097/2057 applied. Total new triples: 19640
Rule 1098/2057 applied. Total new triples: 19643
Rule 1099/2057 applied. Total new triples: 19714
Rule 1100/2057 applied. Total new triples: 19714
Rule 1101/2057 applied. Total new triples: 19714
Rule 1102/2057 applied. Total new triples: 19715
Rule 1103/2057 applied. Total new triples: 19716
Rule 1104/2057 applied. Total new triples: 19718
Rule 1105/2057 applied. Total new triples: 19718
Rule 1106/2057 applied. Total new triples: 19718
Rule 1107/2057 applied. Total new triples: 19718
Rule 1108/2057 applied. Total new triples: 19718
Rule 1109/2057 applied. Total new triples: 19718
Rule 1110/2057 applied. Total new triples: 19719
Rule 1111/2057 applied. Total new triples: 19719
Rule 1112/2057 applied. Total new triples: 19720
Rule 1113/2057 applied. Total new triples: 19720
Rule 1114/2057 applied. Total new triples: 19721
Rule 1115/2057 applied. Total new triples: 19721
Rule 1116/2057 applied. Total new triples: 19721
Rule 1117/2057 applied. Total new triples: 19721
Rule 1118/2057 applied. Total new triples: 19721
Rule 1119/2057 applied. Total new triples: 19721
Rule 1120/2057 applied. Total new triples: 19723
Rule 1121/2057 applied. Total new triples: 19723
Rule 1122/2057 applied. Total new triples: 19723
Rule 1123/2057 applied. Total new triples: 19738
Rule 1124/2057 applied. Total new triples: 19741
Rule 1125/2057 applied. Total new triples: 19758
Rule 1126/2057 applied. Total new triples: 19758
Rule 1127/2057 applied. Total new triples: 19758
Rule 1128/2057 applied. Total new triples: 19762
Rule 1129/2057 applied. Total new triples: 19767
Rule 1130/2057 applied. Total new triples: 19767
Rule 1131/2057 applied. Total new triples: 19768
Rule 1132/2057 applied. Total new triples: 19768
Rule 1133/2057 applied. Total new triples: 19768
Rule 1134/2057 applied. Total new triples: 19786
Rule 1135/2057 applied. Total new triples: 19789
Rule 1136/2057 applied. Total new triples: 19789
Rule 1137/2057 applied. Total new triples: 19818
Rule 1138/2057 applied. Total new triples: 19823
Rule 1139/2057 applied. Total new triples: 19829
Rule 1140/2057 applied. Total new triples: 19833
Rule 1141/2057 applied. Total new triples: 19847
Rule 1142/2057 applied. Total new triples: 19847
Rule 1143/2057 applied. Total new triples: 19859
Rule 1144/2057 applied. Total new triples: 19873
Rule 1145/2057 applied. Total new triples: 19876
Rule 1146/2057 applied. Total new triples: 19879
Rule 1147/2057 applied. Total new triples: 19902
Rule 1148/2057 applied. Total new triples: 19902
Rule 1149/2057 applied. Total new triples: 19905
Rule 1150/2057 applied. Total new triples: 19909
Rule 1151/2057 applied. Total new triples: 19935
Rule 1152/2057 applied. Total new triples: 19935
Rule 1153/2057 applied. Total new triples: 20020
Rule 1154/2057 applied. Total new triples: 20020
Rule 1155/2057 applied. Total new triples: 20020
Rule 1156/2057 applied. Total new triples: 20020
Rule 1157/2057 applied. Total new triples: 20324
Rule 1158/2057 applied. Total new triples: 20324
Rule 1159/2057 applied. Total new triples: 20325
Rule 1160/2057 applied. Total new triples: 20328
Rule 1161/2057 applied. Total new triples: 20329
Rule 1162/2057 applied. Total new triples: 20329
Rule 1163/2057 applied. Total new triples: 20329
Rule 1164/2057 applied. Total new triples: 20330
Rule 1165/2057 applied. Total new triples: 20331
Rule 1166/2057 applied. Total new triples: 20331
Rule 1167/2057 applied. Total new triples: 20336
Rule 1168/2057 applied. Total new triples: 20336
Rule 1169/2057 applied. Total new triples: 20340
Rule 1170/2057 applied. Total new triples: 20342
Rule 1171/2057 applied. Total new triples: 20343
Rule 1172/2057 applied. Total new triples: 20346
Rule 1173/2057 applied. Total new triples: 20346
Rule 1174/2057 applied. Total new triples: 20346
Rule 1175/2057 applied. Total new triples: 20347
Rule 1176/2057 applied. Total new triples: 20347
Rule 1177/2057 applied. Total new triples: 20390
Rule 1178/2057 applied. Total new triples: 20390
Rule 1179/2057 applied. Total new triples: 20390
Rule 1180/2057 applied. Total new triples: 20390
Rule 1181/2057 applied. Total new triples: 20390
Rule 1182/2057 applied. Total new triples: 20390
Rule 1183/2057 applied. Total new triples: 20394
Rule 1184/2057 applied. Total new triples: 20397
Rule 1185/2057 applied. Total new triples: 20397
Rule 1186/2057 applied. Total new triples: 20397
Rule 1187/2057 applied. Total new triples: 20397
Rule 1188/2057 applied. Total new triples: 20397
Rule 1189/2057 applied. Total new triples: 20398
Rule 1190/2057 applied. Total new triples: 20399
Rule 1191/2057 applied. Total new triples: 20399
Rule 1192/2057 applied. Total new triples: 20399
Rule 1193/2057 applied. Total new triples: 20399
Rule 1194/2057 applied. Total new triples: 20399
Rule 1195/2057 applied. Total new triples: 20399
Rule 1196/2057 applied. Total new triples: 20401
Rule 1197/2057 applied. Total new triples: 20401
Rule 1198/2057 applied. Total new triples: 20403
Rule 1199/2057 applied. Total new triples: 20407
Rule 1200/2057 applied. Total new triples: 20408
Rule 1201/2057 applied. Total new triples: 20409
Rule 1202/2057 applied. Total new triples: 20409
Rule 1203/2057 applied. Total new triples: 20409
Rule 1204/2057 applied. Total new triples: 20409
Rule 1205/2057 applied. Total new triples: 20409
Rule 1206/2057 applied. Total new triples: 20409
Rule 1207/2057 applied. Total new triples: 20409
Rule 1208/2057 applied. Total new triples: 20409
Rule 1209/2057 applied. Total new triples: 20409
Rule 1210/2057 applied. Total new triples: 20409
Rule 1211/2057 applied. Total new triples: 20409
Rule 1212/2057 applied. Total new triples: 20409
Rule 1213/2057 applied. Total new triples: 20409
Rule 1214/2057 applied. Total new triples: 20409
Rule 1215/2057 applied. Total new triples: 20409
Rule 1216/2057 applied. Total new triples: 20409
Rule 1217/2057 applied. Total new triples: 20409
Rule 1218/2057 applied. Total new triples: 20409
Rule 1219/2057 applied. Total new triples: 20409
Rule 1220/2057 applied. Total new triples: 20417
Rule 1221/2057 applied. Total new triples: 20417
Rule 1222/2057 applied. Total new triples: 20417
Rule 1223/2057 applied. Total new triples: 20417
Rule 1224/2057 applied. Total new triples: 20417
Rule 1225/2057 applied. Total new triples: 20418
Rule 1226/2057 applied. Total new triples: 20418
Rule 1227/2057 applied. Total new triples: 20418
Rule 1228/2057 applied. Total new triples: 20418
Rule 1229/2057 applied. Total new triples: 20418
Rule 1230/2057 applied. Total new triples: 20418
Rule 1231/2057 applied. Total new triples: 20418
Rule 1232/2057 applied. Total new triples: 20418
Rule 1233/2057 applied. Total new triples: 20418
Rule 1234/2057 applied. Total new triples: 20419
Rule 1235/2057 applied. Total new triples: 20419
Rule 1236/2057 applied. Total new triples: 20419
Rule 1237/2057 applied. Total new triples: 20420
Rule 1238/2057 applied. Total new triples: 20466
Rule 1239/2057 applied. Total new triples: 20466
Rule 1240/2057 applied. Total new triples: 20468
Rule 1241/2057 applied. Total new triples: 20511
Rule 1242/2057 applied. Total new triples: 20521
Rule 1243/2057 applied. Total new triples: 20532
Rule 1244/2057 applied. Total new triples: 20536
Rule 1245/2057 applied. Total new triples: 20538
Rule 1246/2057 applied. Total new triples: 20539
Rule 1247/2057 applied. Total new triples: 20546
Rule 1248/2057 applied. Total new triples: 20546
Rule 1249/2057 applied. Total new triples: 20588
Rule 1250/2057 applied. Total new triples: 20590
Rule 1251/2057 applied. Total new triples: 20596
Rule 1252/2057 applied. Total new triples: 20613
Rule 1253/2057 applied. Total new triples: 20639
Rule 1254/2057 applied. Total new triples: 20644
Rule 1255/2057 applied. Total new triples: 20644
Rule 1256/2057 applied. Total new triples: 20648
Rule 1257/2057 applied. Total new triples: 20648
Rule 1258/2057 applied. Total new triples: 20690
Rule 1259/2057 applied. Total new triples: 20698
Rule 1260/2057 applied. Total new triples: 20705
Rule 1261/2057 applied. Total new triples: 20705
Rule 1262/2057 applied. Total new triples: 20721
Rule 1263/2057 applied. Total new triples: 20722
Rule 1264/2057 applied. Total new triples: 20727
Rule 1265/2057 applied. Total new triples: 20939
Rule 1266/2057 applied. Total new triples: 20939
Rule 1267/2057 applied. Total new triples: 20940
Rule 1268/2057 applied. Total new triples: 20940
Rule 1269/2057 applied. Total new triples: 20987
Rule 1270/2057 applied. Total new triples: 20990
Rule 1271/2057 applied. Total new triples: 20998
Rule 1272/2057 applied. Total new triples: 20998
Rule 1273/2057 applied. Total new triples: 20999
Rule 1274/2057 applied. Total new triples: 20999
Rule 1275/2057 applied. Total new triples: 20999
Rule 1276/2057 applied. Total new triples: 20999
Rule 1277/2057 applied. Total new triples: 20999
Rule 1278/2057 applied. Total new triples: 21001
Rule 1279/2057 applied. Total new triples: 21016
Rule 1280/2057 applied. Total new triples: 21018
Rule 1281/2057 applied. Total new triples: 21018
Rule 1282/2057 applied. Total new triples: 21039
Rule 1283/2057 applied. Total new triples: 21043
Rule 1284/2057 applied. Total new triples: 21048
Rule 1285/2057 applied. Total new triples: 21051
Rule 1286/2057 applied. Total new triples: 21059
Rule 1287/2057 applied. Total new triples: 21061
Rule 1288/2057 applied. Total new triples: 21065
Rule 1289/2057 applied. Total new triples: 21078
Rule 1290/2057 applied. Total new triples: 21078
Rule 1291/2057 applied. Total new triples: 21080
Rule 1292/2057 applied. Total new triples: 21080
Rule 1293/2057 applied. Total new triples: 21080
Rule 1294/2057 applied. Total new triples: 21082
Rule 1295/2057 applied. Total new triples: 21082
Rule 1296/2057 applied. Total new triples: 21093
Rule 1297/2057 applied. Total new triples: 21095
Rule 1298/2057 applied. Total new triples: 21096
Rule 1299/2057 applied. Total new triples: 21096
Rule 1300/2057 applied. Total new triples: 21097
Rule 1301/2057 applied. Total new triples: 21097
Rule 1302/2057 applied. Total new triples: 21097
Rule 1303/2057 applied. Total new triples: 21097
Rule 1304/2057 applied. Total new triples: 21097
Rule 1305/2057 applied. Total new triples: 21100
Rule 1306/2057 applied. Total new triples: 21101
Rule 1307/2057 applied. Total new triples: 21105
Rule 1308/2057 applied. Total new triples: 21105
Rule 1309/2057 applied. Total new triples: 21105
Rule 1310/2057 applied. Total new triples: 21105
Rule 1311/2057 applied. Total new triples: 21119
Rule 1312/2057 applied. Total new triples: 21119
Rule 1313/2057 applied. Total new triples: 21119
Rule 1314/2057 applied. Total new triples: 21119
Rule 1315/2057 applied. Total new triples: 21125
Rule 1316/2057 applied. Total new triples: 21143
Rule 1317/2057 applied. Total new triples: 21145
Rule 1318/2057 applied. Total new triples: 21145
Rule 1319/2057 applied. Total new triples: 21145
Rule 1320/2057 applied. Total new triples: 21145
Rule 1321/2057 applied. Total new triples: 21145
Rule 1322/2057 applied. Total new triples: 21146
Rule 1323/2057 applied. Total new triples: 21146
Rule 1324/2057 applied. Total new triples: 21159
Rule 1325/2057 applied. Total new triples: 21160
Rule 1326/2057 applied. Total new triples: 21161
Rule 1327/2057 applied. Total new triples: 21161
Rule 1328/2057 applied. Total new triples: 21161
Rule 1329/2057 applied. Total new triples: 21164
Rule 1330/2057 applied. Total new triples: 21165
Rule 1331/2057 applied. Total new triples: 21167
Rule 1332/2057 applied. Total new triples: 21170
Rule 1333/2057 applied. Total new triples: 21170
Rule 1334/2057 applied. Total new triples: 21170
Rule 1335/2057 applied. Total new triples: 21170
Rule 1336/2057 applied. Total new triples: 21178
Rule 1337/2057 applied. Total new triples: 21178
Rule 1338/2057 applied. Total new triples: 21180
Rule 1339/2057 applied. Total new triples: 21180
Rule 1340/2057 applied. Total new triples: 21180
Rule 1341/2057 applied. Total new triples: 21180
Rule 1342/2057 applied. Total new triples: 21180
Rule 1343/2057 applied. Total new triples: 21180
Rule 1344/2057 applied. Total new triples: 21182
Rule 1345/2057 applied. Total new triples: 21182
Rule 1346/2057 applied. Total new triples: 21182
Rule 1347/2057 applied. Total new triples: 21182
Rule 1348/2057 applied. Total new triples: 21185
Rule 1349/2057 applied. Total new triples: 21187
Rule 1350/2057 applied. Total new triples: 21188
Rule 1351/2057 applied. Total new triples: 21188
Rule 1352/2057 applied. Total new triples: 21188
Rule 1353/2057 applied. Total new triples: 21188
Rule 1354/2057 applied. Total new triples: 21188
Rule 1355/2057 applied. Total new triples: 21188
Rule 1356/2057 applied. Total new triples: 21188
Rule 1357/2057 applied. Total new triples: 21188
Rule 1358/2057 applied. Total new triples: 21189
Rule 1359/2057 applied. Total new triples: 21190
Rule 1360/2057 applied. Total new triples: 21191
Rule 1361/2057 applied. Total new triples: 21191
Rule 1362/2057 applied. Total new triples: 21191
Rule 1363/2057 applied. Total new triples: 21191
Rule 1364/2057 applied. Total new triples: 21192
Rule 1365/2057 applied. Total new triples: 21205
Rule 1366/2057 applied. Total new triples: 21216
Rule 1367/2057 applied. Total new triples: 21226
Rule 1368/2057 applied. Total new triples: 21281
Rule 1369/2057 applied. Total new triples: 21281
Rule 1370/2057 applied. Total new triples: 21289
Rule 1371/2057 applied. Total new triples: 21293
Rule 1372/2057 applied. Total new triples: 21298
Rule 1373/2057 applied. Total new triples: 21303
Rule 1374/2057 applied. Total new triples: 21304
Rule 1375/2057 applied. Total new triples: 21305
Rule 1376/2057 applied. Total new triples: 21309
Rule 1377/2057 applied. Total new triples: 21316
Rule 1378/2057 applied. Total new triples: 21316
Rule 1379/2057 applied. Total new triples: 21316
Rule 1380/2057 applied. Total new triples: 21321
Rule 1381/2057 applied. Total new triples: 21322
Rule 1382/2057 applied. Total new triples: 21323
Rule 1383/2057 applied. Total new triples: 21323
Rule 1384/2057 applied. Total new triples: 21323
Rule 1385/2057 applied. Total new triples: 21332
Rule 1386/2057 applied. Total new triples: 21333
Rule 1387/2057 applied. Total new triples: 21334
Rule 1388/2057 applied. Total new triples: 21335
Rule 1389/2057 applied. Total new triples: 21335
Rule 1390/2057 applied. Total new triples: 21363
Rule 1391/2057 applied. Total new triples: 21395
Rule 1392/2057 applied. Total new triples: 21396
Rule 1393/2057 applied. Total new triples: 21405
Rule 1394/2057 applied. Total new triples: 21408
Rule 1395/2057 applied. Total new triples: 21428
Rule 1396/2057 applied. Total new triples: 21434
Rule 1397/2057 applied. Total new triples: 21480
Rule 1398/2057 applied. Total new triples: 21480
Rule 1399/2057 applied. Total new triples: 21480
Rule 1400/2057 applied. Total new triples: 21489
Rule 1401/2057 applied. Total new triples: 21492
Rule 1402/2057 applied. Total new triples: 21498
Rule 1403/2057 applied. Total new triples: 21498
Rule 1404/2057 applied. Total new triples: 21498
Rule 1405/2057 applied. Total new triples: 21500
Rule 1406/2057 applied. Total new triples: 21500
Rule 1407/2057 applied. Total new triples: 21501
Rule 1408/2057 applied. Total new triples: 21505
Rule 1409/2057 applied. Total new triples: 21505
Rule 1410/2057 applied. Total new triples: 21515
Rule 1411/2057 applied. Total new triples: 21518
Rule 1412/2057 applied. Total new triples: 21518
Rule 1413/2057 applied. Total new triples: 21518
Rule 1414/2057 applied. Total new triples: 21518
Rule 1415/2057 applied. Total new triples: 21518
Rule 1416/2057 applied. Total new triples: 21518
Rule 1417/2057 applied. Total new triples: 21518
Rule 1418/2057 applied. Total new triples: 21519
Rule 1419/2057 applied. Total new triples: 21519
Rule 1420/2057 applied. Total new triples: 21519
Rule 1421/2057 applied. Total new triples: 21519
Rule 1422/2057 applied. Total new triples: 21519
Rule 1423/2057 applied. Total new triples: 21519
Rule 1424/2057 applied. Total new triples: 21519
Rule 1425/2057 applied. Total new triples: 21519
Rule 1426/2057 applied. Total new triples: 21523
Rule 1427/2057 applied. Total new triples: 21523
Rule 1428/2057 applied. Total new triples: 21523
Rule 1429/2057 applied. Total new triples: 21524
Rule 1430/2057 applied. Total new triples: 21524
Rule 1431/2057 applied. Total new triples: 21524
Rule 1432/2057 applied. Total new triples: 21524
Rule 1433/2057 applied. Total new triples: 21524
Rule 1434/2057 applied. Total new triples: 21524
Rule 1435/2057 applied. Total new triples: 21524
Rule 1436/2057 applied. Total new triples: 21528
Rule 1437/2057 applied. Total new triples: 21528
Rule 1438/2057 applied. Total new triples: 21528
Rule 1439/2057 applied. Total new triples: 21530
Rule 1440/2057 applied. Total new triples: 21530
Rule 1441/2057 applied. Total new triples: 21530
Rule 1442/2057 applied. Total new triples: 21530
Rule 1443/2057 applied. Total new triples: 21530
Rule 1444/2057 applied. Total new triples: 21530
Rule 1445/2057 applied. Total new triples: 21531
Rule 1446/2057 applied. Total new triples: 21531
Rule 1447/2057 applied. Total new triples: 21531
Rule 1448/2057 applied. Total new triples: 21531
Rule 1449/2057 applied. Total new triples: 21531
Rule 1450/2057 applied. Total new triples: 21531
Rule 1451/2057 applied. Total new triples: 21531
Rule 1452/2057 applied. Total new triples: 21531
Rule 1453/2057 applied. Total new triples: 21531
Rule 1454/2057 applied. Total new triples: 21531
Rule 1455/2057 applied. Total new triples: 21531
Rule 1456/2057 applied. Total new triples: 21531
Rule 1457/2057 applied. Total new triples: 21531
Rule 1458/2057 applied. Total new triples: 21531
Rule 1459/2057 applied. Total new triples: 21531
Rule 1460/2057 applied. Total new triples: 21531
Rule 1461/2057 applied. Total new triples: 21531
Rule 1462/2057 applied. Total new triples: 21531
Rule 1463/2057 applied. Total new triples: 21531
Rule 1464/2057 applied. Total new triples: 21531
Rule 1465/2057 applied. Total new triples: 21531
Rule 1466/2057 applied. Total new triples: 21531
Rule 1467/2057 applied. Total new triples: 21531
Rule 1468/2057 applied. Total new triples: 21531
Rule 1469/2057 applied. Total new triples: 21531
Rule 1470/2057 applied. Total new triples: 21532
Rule 1471/2057 applied. Total new triples: 21536
Rule 1472/2057 applied. Total new triples: 21537
Rule 1473/2057 applied. Total new triples: 21537
Rule 1474/2057 applied. Total new triples: 21537
Rule 1475/2057 applied. Total new triples: 21537
Rule 1476/2057 applied. Total new triples: 21537
Rule 1477/2057 applied. Total new triples: 21537
Rule 1478/2057 applied. Total new triples: 21537
Rule 1479/2057 applied. Total new triples: 21537
Rule 1480/2057 applied. Total new triples: 21537
Rule 1481/2057 applied. Total new triples: 21537
Rule 1482/2057 applied. Total new triples: 21537
Rule 1483/2057 applied. Total new triples: 21537
Rule 1484/2057 applied. Total new triples: 21537
Rule 1485/2057 applied. Total new triples: 21539
Rule 1486/2057 applied. Total new triples: 21539
Rule 1487/2057 applied. Total new triples: 21539
Rule 1488/2057 applied. Total new triples: 21539
Rule 1489/2057 applied. Total new triples: 21539
Rule 1490/2057 applied. Total new triples: 21539
Rule 1491/2057 applied. Total new triples: 21539
Rule 1492/2057 applied. Total new triples: 21539
Rule 1493/2057 applied. Total new triples: 21545
Rule 1494/2057 applied. Total new triples: 21567
Rule 1495/2057 applied. Total new triples: 21587
Rule 1496/2057 applied. Total new triples: 21587
Rule 1497/2057 applied. Total new triples: 21587
Rule 1498/2057 applied. Total new triples: 21612
Rule 1499/2057 applied. Total new triples: 21612
Rule 1500/2057 applied. Total new triples: 21615
Rule 1501/2057 applied. Total new triples: 21619
Rule 1502/2057 applied. Total new triples: 21623
Rule 1503/2057 applied. Total new triples: 21635
Rule 1504/2057 applied. Total new triples: 21638
Rule 1505/2057 applied. Total new triples: 21649
Rule 1506/2057 applied. Total new triples: 21677
Rule 1507/2057 applied. Total new triples: 21678
Rule 1508/2057 applied. Total new triples: 21694
Rule 1509/2057 applied. Total new triples: 21705
Rule 1510/2057 applied. Total new triples: 21708
Rule 1511/2057 applied. Total new triples: 21709
Rule 1512/2057 applied. Total new triples: 21711
Rule 1513/2057 applied. Total new triples: 21714
Rule 1514/2057 applied. Total new triples: 21720
Rule 1515/2057 applied. Total new triples: 21740
Rule 1516/2057 applied. Total new triples: 21740
Rule 1517/2057 applied. Total new triples: 21744
Rule 1518/2057 applied. Total new triples: 21744
Rule 1519/2057 applied. Total new triples: 21746
Rule 1520/2057 applied. Total new triples: 21797
Rule 1521/2057 applied. Total new triples: 21798
Rule 1522/2057 applied. Total new triples: 21799
Rule 1523/2057 applied. Total new triples: 21799
Rule 1524/2057 applied. Total new triples: 21799
Rule 1525/2057 applied. Total new triples: 21803
Rule 1526/2057 applied. Total new triples: 21807
Rule 1527/2057 applied. Total new triples: 21809
Rule 1528/2057 applied. Total new triples: 21809
Rule 1529/2057 applied. Total new triples: 21811
Rule 1530/2057 applied. Total new triples: 21811
Rule 1531/2057 applied. Total new triples: 21811
Rule 1532/2057 applied. Total new triples: 21812
Rule 1533/2057 applied. Total new triples: 21854
Rule 1534/2057 applied. Total new triples: 21865
Rule 1535/2057 applied. Total new triples: 21867
Rule 1536/2057 applied. Total new triples: 21867
Rule 1537/2057 applied. Total new triples: 21867
Rule 1538/2057 applied. Total new triples: 21869
Rule 1539/2057 applied. Total new triples: 21877
Rule 1540/2057 applied. Total new triples: 21878
Rule 1541/2057 applied. Total new triples: 21879
Rule 1542/2057 applied. Total new triples: 21879
Rule 1543/2057 applied. Total new triples: 21880
Rule 1544/2057 applied. Total new triples: 27661
Rule 1545/2057 applied. Total new triples: 27661
Rule 1546/2057 applied. Total new triples: 27669
Rule 1547/2057 applied. Total new triples: 27674
Rule 1548/2057 applied. Total new triples: 27679
Rule 1549/2057 applied. Total new triples: 27683
Rule 1550/2057 applied. Total new triples: 27690
Rule 1551/2057 applied. Total new triples: 27693
Rule 1552/2057 applied. Total new triples: 27709
Rule 1553/2057 applied. Total new triples: 27719
Rule 1554/2057 applied. Total new triples: 27719
Rule 1555/2057 applied. Total new triples: 27727
Rule 1556/2057 applied. Total new triples: 27748
Rule 1557/2057 applied. Total new triples: 27749
Rule 1558/2057 applied. Total new triples: 27789
Rule 1559/2057 applied. Total new triples: 27833
Rule 1560/2057 applied. Total new triples: 27834
Rule 1561/2057 applied. Total new triples: 27887
Rule 1562/2057 applied. Total new triples: 27887
Rule 1563/2057 applied. Total new triples: 27887
Rule 1564/2057 applied. Total new triples: 27887
Rule 1565/2057 applied. Total new triples: 27887
Rule 1566/2057 applied. Total new triples: 27888
Rule 1567/2057 applied. Total new triples: 27888
Rule 1568/2057 applied. Total new triples: 27888
Rule 1569/2057 applied. Total new triples: 27890
Rule 1570/2057 applied. Total new triples: 27891
Rule 1571/2057 applied. Total new triples: 27891
Rule 1572/2057 applied. Total new triples: 27891
Rule 1573/2057 applied. Total new triples: 27891
Rule 1574/2057 applied. Total new triples: 27891
Rule 1575/2057 applied. Total new triples: 27893
Rule 1576/2057 applied. Total new triples: 27894
Rule 1577/2057 applied. Total new triples: 27895
Rule 1578/2057 applied. Total new triples: 27895
Rule 1579/2057 applied. Total new triples: 27895
Rule 1580/2057 applied. Total new triples: 27895
Rule 1581/2057 applied. Total new triples: 27896
Rule 1582/2057 applied. Total new triples: 27897
Rule 1583/2057 applied. Total new triples: 27899
Rule 1584/2057 applied. Total new triples: 27901
Rule 1585/2057 applied. Total new triples: 27901
Rule 1586/2057 applied. Total new triples: 27901
Rule 1587/2057 applied. Total new triples: 27903
Rule 1588/2057 applied. Total new triples: 27903
Rule 1589/2057 applied. Total new triples: 27904
Rule 1590/2057 applied. Total new triples: 27904
Rule 1591/2057 applied. Total new triples: 27906
Rule 1592/2057 applied. Total new triples: 27906
Rule 1593/2057 applied. Total new triples: 27909
Rule 1594/2057 applied. Total new triples: 27911
Rule 1595/2057 applied. Total new triples: 27911
Rule 1596/2057 applied. Total new triples: 27911
Rule 1597/2057 applied. Total new triples: 27911
Rule 1598/2057 applied. Total new triples: 27912
Rule 1599/2057 applied. Total new triples: 27913
Rule 1600/2057 applied. Total new triples: 27913
Rule 1601/2057 applied. Total new triples: 27913
Rule 1602/2057 applied. Total new triples: 27913
Rule 1603/2057 applied. Total new triples: 27913
Rule 1604/2057 applied. Total new triples: 27913
Rule 1605/2057 applied. Total new triples: 27914
Rule 1606/2057 applied. Total new triples: 27921
Rule 1607/2057 applied. Total new triples: 27921
Rule 1608/2057 applied. Total new triples: 27921
Rule 1609/2057 applied. Total new triples: 27921
Rule 1610/2057 applied. Total new triples: 27921
Rule 1611/2057 applied. Total new triples: 27921
Rule 1612/2057 applied. Total new triples: 27921
Rule 1613/2057 applied. Total new triples: 27921
Rule 1614/2057 applied. Total new triples: 27921
Rule 1615/2057 applied. Total new triples: 27921
Rule 1616/2057 applied. Total new triples: 27921
Rule 1617/2057 applied. Total new triples: 27921
Rule 1618/2057 applied. Total new triples: 27921
Rule 1619/2057 applied. Total new triples: 27921
Rule 1620/2057 applied. Total new triples: 27921
Rule 1621/2057 applied. Total new triples: 27923
Rule 1622/2057 applied. Total new triples: 27923
Rule 1623/2057 applied. Total new triples: 27923
Rule 1624/2057 applied. Total new triples: 27923
Rule 1625/2057 applied. Total new triples: 27923
Rule 1626/2057 applied. Total new triples: 27924
Rule 1627/2057 applied. Total new triples: 27927
Rule 1628/2057 applied. Total new triples: 27927
Rule 1629/2057 applied. Total new triples: 27927
Rule 1630/2057 applied. Total new triples: 27928
Rule 1631/2057 applied. Total new triples: 27930
Rule 1632/2057 applied. Total new triples: 27939
Rule 1633/2057 applied. Total new triples: 27939
Rule 1634/2057 applied. Total new triples: 27942
Rule 1635/2057 applied. Total new triples: 27943
Rule 1636/2057 applied. Total new triples: 27945
Rule 1637/2057 applied. Total new triples: 27945
Rule 1638/2057 applied. Total new triples: 27953
Rule 1639/2057 applied. Total new triples: 27958
Rule 1640/2057 applied. Total new triples: 27960
Rule 1641/2057 applied. Total new triples: 27968
Rule 1642/2057 applied. Total new triples: 27968
Rule 1643/2057 applied. Total new triples: 27971
Rule 1644/2057 applied. Total new triples: 27971
Rule 1645/2057 applied. Total new triples: 27973
Rule 1646/2057 applied. Total new triples: 27981
Rule 1647/2057 applied. Total new triples: 27981
Rule 1648/2057 applied. Total new triples: 27996
Rule 1649/2057 applied. Total new triples: 27996
Rule 1650/2057 applied. Total new triples: 28007
Rule 1651/2057 applied. Total new triples: 28007
Rule 1652/2057 applied. Total new triples: 28008
Rule 1653/2057 applied. Total new triples: 28012
Rule 1654/2057 applied. Total new triples: 28019
Rule 1655/2057 applied. Total new triples: 28022
Rule 1656/2057 applied. Total new triples: 28023
Rule 1657/2057 applied. Total new triples: 28023
Rule 1658/2057 applied. Total new triples: 28023
Rule 1659/2057 applied. Total new triples: 28027
Rule 1660/2057 applied. Total new triples: 28027
Rule 1661/2057 applied. Total new triples: 28037
Rule 1662/2057 applied. Total new triples: 28037
Rule 1663/2057 applied. Total new triples: 28039
Rule 1664/2057 applied. Total new triples: 28039
Rule 1665/2057 applied. Total new triples: 28041
Rule 1666/2057 applied. Total new triples: 28041
Rule 1667/2057 applied. Total new triples: 28042
Rule 1668/2057 applied. Total new triples: 28042
Rule 1669/2057 applied. Total new triples: 28045
Rule 1670/2057 applied. Total new triples: 28045
Rule 1671/2057 applied. Total new triples: 28045
Rule 1672/2057 applied. Total new triples: 28045
Rule 1673/2057 applied. Total new triples: 28045
Rule 1674/2057 applied. Total new triples: 28048
Rule 1675/2057 applied. Total new triples: 28055
Rule 1676/2057 applied. Total new triples: 28055
Rule 1677/2057 applied. Total new triples: 28055
Rule 1678/2057 applied. Total new triples: 28056
Rule 1679/2057 applied. Total new triples: 28057
Rule 1680/2057 applied. Total new triples: 28057
Rule 1681/2057 applied. Total new triples: 28057
Rule 1682/2057 applied. Total new triples: 28058
Rule 1683/2057 applied. Total new triples: 28058
Rule 1684/2057 applied. Total new triples: 28059
Rule 1685/2057 applied. Total new triples: 28064
Rule 1686/2057 applied. Total new triples: 28064
Rule 1687/2057 applied. Total new triples: 28064
Rule 1688/2057 applied. Total new triples: 28064
Rule 1689/2057 applied. Total new triples: 28065
Rule 1690/2057 applied. Total new triples: 28065
Rule 1691/2057 applied. Total new triples: 28065
Rule 1692/2057 applied. Total new triples: 28065
Rule 1693/2057 applied. Total new triples: 28065
Rule 1694/2057 applied. Total new triples: 28066
Rule 1695/2057 applied. Total new triples: 28067
Rule 1696/2057 applied. Total new triples: 28067
Rule 1697/2057 applied. Total new triples: 28068
Rule 1698/2057 applied. Total new triples: 28068
Rule 1699/2057 applied. Total new triples: 28068
Rule 1700/2057 applied. Total new triples: 28069
Rule 1701/2057 applied. Total new triples: 28070
Rule 1702/2057 applied. Total new triples: 28071
Rule 1703/2057 applied. Total new triples: 28071
Rule 1704/2057 applied. Total new triples: 28071
Rule 1705/2057 applied. Total new triples: 28072
Rule 1706/2057 applied. Total new triples: 28093
Rule 1707/2057 applied. Total new triples: 28102
Rule 1708/2057 applied. Total new triples: 28104
Rule 1709/2057 applied. Total new triples: 28108
Rule 1710/2057 applied. Total new triples: 28208
Rule 1711/2057 applied. Total new triples: 28216
Rule 1712/2057 applied. Total new triples: 28216
Rule 1713/2057 applied. Total new triples: 28221
Rule 1714/2057 applied. Total new triples: 28222
Rule 1715/2057 applied. Total new triples: 28224
Rule 1716/2057 applied. Total new triples: 28226
Rule 1717/2057 applied. Total new triples: 28226
Rule 1718/2057 applied. Total new triples: 28226
Rule 1719/2057 applied. Total new triples: 28231
Rule 1720/2057 applied. Total new triples: 28236
Rule 1721/2057 applied. Total new triples: 28291
Rule 1722/2057 applied. Total new triples: 28308
Rule 1723/2057 applied. Total new triples: 28338
Rule 1724/2057 applied. Total new triples: 28338
Rule 1725/2057 applied. Total new triples: 28338
Rule 1726/2057 applied. Total new triples: 28344
Rule 1727/2057 applied. Total new triples: 28346
Rule 1728/2057 applied. Total new triples: 28347
Rule 1729/2057 applied. Total new triples: 28349
Rule 1730/2057 applied. Total new triples: 28352
Rule 1731/2057 applied. Total new triples: 28352
Rule 1732/2057 applied. Total new triples: 28353
Rule 1733/2057 applied. Total new triples: 28353
Rule 1734/2057 applied. Total new triples: 28353
Rule 1735/2057 applied. Total new triples: 28353
Rule 1736/2057 applied. Total new triples: 28355
Rule 1737/2057 applied. Total new triples: 28361
Rule 1738/2057 applied. Total new triples: 28362
Rule 1739/2057 applied. Total new triples: 28362
Rule 1740/2057 applied. Total new triples: 28362
Rule 1741/2057 applied. Total new triples: 28362
Rule 1742/2057 applied. Total new triples: 28362
Rule 1743/2057 applied. Total new triples: 28362
Rule 1744/2057 applied. Total new triples: 28365
Rule 1745/2057 applied. Total new triples: 28365
Rule 1746/2057 applied. Total new triples: 28367
Rule 1747/2057 applied. Total new triples: 28369
Rule 1748/2057 applied. Total new triples: 28369
Rule 1749/2057 applied. Total new triples: 28370
Rule 1750/2057 applied. Total new triples: 28371
Rule 1751/2057 applied. Total new triples: 28371
Rule 1752/2057 applied. Total new triples: 28371
Rule 1753/2057 applied. Total new triples: 28371
Rule 1754/2057 applied. Total new triples: 28372
Rule 1755/2057 applied. Total new triples: 28372
Rule 1756/2057 applied. Total new triples: 28372
Rule 1757/2057 applied. Total new triples: 28373
Rule 1758/2057 applied. Total new triples: 28373
Rule 1759/2057 applied. Total new triples: 28388
Rule 1760/2057 applied. Total new triples: 28388
Rule 1761/2057 applied. Total new triples: 28433
Rule 1762/2057 applied. Total new triples: 28461
Rule 1763/2057 applied. Total new triples: 28473
Rule 1764/2057 applied. Total new triples: 28481
Rule 1765/2057 applied. Total new triples: 28481
Rule 1766/2057 applied. Total new triples: 28498
Rule 1767/2057 applied. Total new triples: 28511
Rule 1768/2057 applied. Total new triples: 28514
Rule 1769/2057 applied. Total new triples: 28515
Rule 1770/2057 applied. Total new triples: 28516
Rule 1771/2057 applied. Total new triples: 28548
Rule 1772/2057 applied. Total new triples: 28548
Rule 1773/2057 applied. Total new triples: 28609
Rule 1774/2057 applied. Total new triples: 28623
Rule 1775/2057 applied. Total new triples: 28628
Rule 1776/2057 applied. Total new triples: 28633
Rule 1777/2057 applied. Total new triples: 28634
Rule 1778/2057 applied. Total new triples: 28634
Rule 1779/2057 applied. Total new triples: 28635
Rule 1780/2057 applied. Total new triples: 28636
Rule 1781/2057 applied. Total new triples: 28637
Rule 1782/2057 applied. Total new triples: 28638
Rule 1783/2057 applied. Total new triples: 28638
Rule 1784/2057 applied. Total new triples: 28638
Rule 1785/2057 applied. Total new triples: 28638
Rule 1786/2057 applied. Total new triples: 28638
Rule 1787/2057 applied. Total new triples: 28639
Rule 1788/2057 applied. Total new triples: 28639
Rule 1789/2057 applied. Total new triples: 28643
Rule 1790/2057 applied. Total new triples: 28645
Rule 1791/2057 applied. Total new triples: 28645
Rule 1792/2057 applied. Total new triples: 28645
Rule 1793/2057 applied. Total new triples: 28647
Rule 1794/2057 applied. Total new triples: 28647
Rule 1795/2057 applied. Total new triples: 28647
Rule 1796/2057 applied. Total new triples: 28682
Rule 1797/2057 applied. Total new triples: 28690
Rule 1798/2057 applied. Total new triples: 28698
Rule 1799/2057 applied. Total new triples: 28704
Rule 1800/2057 applied. Total new triples: 28713
Rule 1801/2057 applied. Total new triples: 28721
Rule 1802/2057 applied. Total new triples: 28721
Rule 1803/2057 applied. Total new triples: 28721
Rule 1804/2057 applied. Total new triples: 28742
Rule 1805/2057 applied. Total new triples: 28745
Rule 1806/2057 applied. Total new triples: 28745
Rule 1807/2057 applied. Total new triples: 28746
Rule 1808/2057 applied. Total new triples: 28747
Rule 1809/2057 applied. Total new triples: 28751
Rule 1810/2057 applied. Total new triples: 28804
Rule 1811/2057 applied. Total new triples: 28804
Rule 1812/2057 applied. Total new triples: 28804
Rule 1813/2057 applied. Total new triples: 28805
Rule 1814/2057 applied. Total new triples: 28805
Rule 1815/2057 applied. Total new triples: 28805
Rule 1816/2057 applied. Total new triples: 28807
Rule 1817/2057 applied. Total new triples: 28807
Rule 1818/2057 applied. Total new triples: 28807
Rule 1819/2057 applied. Total new triples: 28813
Rule 1820/2057 applied. Total new triples: 28813
Rule 1821/2057 applied. Total new triples: 28813
Rule 1822/2057 applied. Total new triples: 28815
Rule 1823/2057 applied. Total new triples: 28815
Rule 1824/2057 applied. Total new triples: 28815
Rule 1825/2057 applied. Total new triples: 28816
Rule 1826/2057 applied. Total new triples: 28819
Rule 1827/2057 applied. Total new triples: 28819
Rule 1828/2057 applied. Total new triples: 28819
Rule 1829/2057 applied. Total new triples: 28837
Rule 1830/2057 applied. Total new triples: 28870
Rule 1831/2057 applied. Total new triples: 28889
Rule 1832/2057 applied. Total new triples: 28892
Rule 1833/2057 applied. Total new triples: 28907
Rule 1834/2057 applied. Total new triples: 28912
Rule 1835/2057 applied. Total new triples: 28928
Rule 1836/2057 applied. Total new triples: 28929
Rule 1837/2057 applied. Total new triples: 28940
Rule 1838/2057 applied. Total new triples: 28940
Rule 1839/2057 applied. Total new triples: 28940
Rule 1840/2057 applied. Total new triples: 28967
Rule 1841/2057 applied. Total new triples: 28967
Rule 1842/2057 applied. Total new triples: 28970
Rule 1843/2057 applied. Total new triples: 28996
Rule 1844/2057 applied. Total new triples: 28997
Rule 1845/2057 applied. Total new triples: 29005
Rule 1846/2057 applied. Total new triples: 29050
Rule 1847/2057 applied. Total new triples: 29085
Rule 1848/2057 applied. Total new triples: 29106
Rule 1849/2057 applied. Total new triples: 29107
Rule 1850/2057 applied. Total new triples: 29133
Rule 1851/2057 applied. Total new triples: 29138
Rule 1852/2057 applied. Total new triples: 29141
Rule 1853/2057 applied. Total new triples: 29141
Rule 1854/2057 applied. Total new triples: 29143
Rule 1855/2057 applied. Total new triples: 29144
Rule 1856/2057 applied. Total new triples: 29166
Rule 1857/2057 applied. Total new triples: 29195
Rule 1858/2057 applied. Total new triples: 29215
Rule 1859/2057 applied. Total new triples: 29216
Rule 1860/2057 applied. Total new triples: 29327
Rule 1861/2057 applied. Total new triples: 29346
Rule 1862/2057 applied. Total new triples: 29362
Rule 1863/2057 applied. Total new triples: 29364
Rule 1864/2057 applied. Total new triples: 29411
Rule 1865/2057 applied. Total new triples: 29411
Rule 1866/2057 applied. Total new triples: 29413
Rule 1867/2057 applied. Total new triples: 29423
Rule 1868/2057 applied. Total new triples: 29472
Rule 1869/2057 applied. Total new triples: 29479
Rule 1870/2057 applied. Total new triples: 29709
Rule 1871/2057 applied. Total new triples: 29713
Rule 1872/2057 applied. Total new triples: 29713
Rule 1873/2057 applied. Total new triples: 29823
Rule 1874/2057 applied. Total new triples: 29825
Rule 1875/2057 applied. Total new triples: 29825
Rule 1876/2057 applied. Total new triples: 29825
Rule 1877/2057 applied. Total new triples: 29825
Rule 1878/2057 applied. Total new triples: 29826
Rule 1879/2057 applied. Total new triples: 29826
Rule 1880/2057 applied. Total new triples: 29826
Rule 1881/2057 applied. Total new triples: 29829
Rule 1882/2057 applied. Total new triples: 29829
Rule 1883/2057 applied. Total new triples: 29829
Rule 1884/2057 applied. Total new triples: 29829
Rule 1885/2057 applied. Total new triples: 29838
Rule 1886/2057 applied. Total new triples: 29839
Rule 1887/2057 applied. Total new triples: 29839
Rule 1888/2057 applied. Total new triples: 29839
Rule 1889/2057 applied. Total new triples: 29840
Rule 1890/2057 applied. Total new triples: 29840
Rule 1891/2057 applied. Total new triples: 29840
Rule 1892/2057 applied. Total new triples: 29843
Rule 1893/2057 applied. Total new triples: 29843
Rule 1894/2057 applied. Total new triples: 29844
Rule 1895/2057 applied. Total new triples: 29849
Rule 1896/2057 applied. Total new triples: 29851
Rule 1897/2057 applied. Total new triples: 29852
Rule 1898/2057 applied. Total new triples: 29852
Rule 1899/2057 applied. Total new triples: 29852
Rule 1900/2057 applied. Total new triples: 29853
Rule 1901/2057 applied. Total new triples: 29854
Rule 1902/2057 applied. Total new triples: 29854
Rule 1903/2057 applied. Total new triples: 29854
Rule 1904/2057 applied. Total new triples: 29854
Rule 1905/2057 applied. Total new triples: 29854
Rule 1906/2057 applied. Total new triples: 29854
Rule 1907/2057 applied. Total new triples: 29854
Rule 1908/2057 applied. Total new triples: 29854
Rule 1909/2057 applied. Total new triples: 29854
Rule 1910/2057 applied. Total new triples: 29854
Rule 1911/2057 applied. Total new triples: 29854
Rule 1912/2057 applied. Total new triples: 29856
Rule 1913/2057 applied. Total new triples: 29856
Rule 1914/2057 applied. Total new triples: 29856
Rule 1915/2057 applied. Total new triples: 29857
Rule 1916/2057 applied. Total new triples: 29857
Rule 1917/2057 applied. Total new triples: 29857
Rule 1918/2057 applied. Total new triples: 29857
Rule 1919/2057 applied. Total new triples: 29857
Rule 1920/2057 applied. Total new triples: 29887
Rule 1921/2057 applied. Total new triples: 29888
Rule 1922/2057 applied. Total new triples: 29888
Rule 1923/2057 applied. Total new triples: 29890
Rule 1924/2057 applied. Total new triples: 29890
Rule 1925/2057 applied. Total new triples: 29890
Rule 1926/2057 applied. Total new triples: 29893
Rule 1927/2057 applied. Total new triples: 29894
Rule 1928/2057 applied. Total new triples: 29894
Rule 1929/2057 applied. Total new triples: 29894
Rule 1930/2057 applied. Total new triples: 29940
Rule 1931/2057 applied. Total new triples: 29941
Rule 1932/2057 applied. Total new triples: 29944
Rule 1933/2057 applied. Total new triples: 29945
Rule 1934/2057 applied. Total new triples: 29946
Rule 1935/2057 applied. Total new triples: 29946
Rule 1936/2057 applied. Total new triples: 29946
Rule 1937/2057 applied. Total new triples: 29946
Rule 1938/2057 applied. Total new triples: 29947
Rule 1939/2057 applied. Total new triples: 29947
Rule 1940/2057 applied. Total new triples: 29947
Rule 1941/2057 applied. Total new triples: 29948
Rule 1942/2057 applied. Total new triples: 29948
Rule 1943/2057 applied. Total new triples: 29948
Rule 1944/2057 applied. Total new triples: 29948
Rule 1945/2057 applied. Total new triples: 29954
Rule 1946/2057 applied. Total new triples: 29955
Rule 1947/2057 applied. Total new triples: 29955
Rule 1948/2057 applied. Total new triples: 29958
Rule 1949/2057 applied. Total new triples: 29958
Rule 1950/2057 applied. Total new triples: 29958
Rule 1951/2057 applied. Total new triples: 29960
Rule 1952/2057 applied. Total new triples: 29962
Rule 1953/2057 applied. Total new triples: 29962
Rule 1954/2057 applied. Total new triples: 29963
Rule 1955/2057 applied. Total new triples: 29965
Rule 1956/2057 applied. Total new triples: 29966
Rule 1957/2057 applied. Total new triples: 29966
Rule 1958/2057 applied. Total new triples: 29967
Rule 1959/2057 applied. Total new triples: 29970
Rule 1960/2057 applied. Total new triples: 29975
Rule 1961/2057 applied. Total new triples: 29975
Rule 1962/2057 applied. Total new triples: 29979
Rule 1963/2057 applied. Total new triples: 29984
Rule 1964/2057 applied. Total new triples: 29984
Rule 1965/2057 applied. Total new triples: 29984
Rule 1966/2057 applied. Total new triples: 29984
Rule 1967/2057 applied. Total new triples: 29984
Rule 1968/2057 applied. Total new triples: 29989
Rule 1969/2057 applied. Total new triples: 29990
Rule 1970/2057 applied. Total new triples: 29991
Rule 1971/2057 applied. Total new triples: 29991
Rule 1972/2057 applied. Total new triples: 29993
Rule 1973/2057 applied. Total new triples: 29995
Rule 1974/2057 applied. Total new triples: 29995
Rule 1975/2057 applied. Total new triples: 29995
Rule 1976/2057 applied. Total new triples: 30022
Rule 1977/2057 applied. Total new triples: 30022
Rule 1978/2057 applied. Total new triples: 30023
Rule 1979/2057 applied. Total new triples: 30023
Rule 1980/2057 applied. Total new triples: 30023
Rule 1981/2057 applied. Total new triples: 30023
Rule 1982/2057 applied. Total new triples: 30024
Rule 1983/2057 applied. Total new triples: 30024
Rule 1984/2057 applied. Total new triples: 30024
Rule 1985/2057 applied. Total new triples: 30025
Rule 1986/2057 applied. Total new triples: 30025
Rule 1987/2057 applied. Total new triples: 30026
Rule 1988/2057 applied. Total new triples: 30027
Rule 1989/2057 applied. Total new triples: 30027
Rule 1990/2057 applied. Total new triples: 30028
Rule 1991/2057 applied. Total new triples: 30029
Rule 1992/2057 applied. Total new triples: 30029
Rule 1993/2057 applied. Total new triples: 30029
Rule 1994/2057 applied. Total new triples: 30029
Rule 1995/2057 applied. Total new triples: 30031
Rule 1996/2057 applied. Total new triples: 30032
Rule 1997/2057 applied. Total new triples: 30032
Rule 1998/2057 applied. Total new triples: 30032
Rule 1999/2057 applied. Total new triples: 30032
Rule 2000/2057 applied. Total new triples: 30033
Rule 2001/2057 applied. Total new triples: 30037
Rule 2002/2057 applied. Total new triples: 30037
Rule 2003/2057 applied. Total new triples: 30038
Rule 2004/2057 applied. Total new triples: 30038
Rule 2005/2057 applied. Total new triples: 30038
Rule 2006/2057 applied. Total new triples: 30038
Rule 2007/2057 applied. Total new triples: 30038
Rule 2008/2057 applied. Total new triples: 30040
Rule 2009/2057 applied. Total new triples: 30040
Rule 2010/2057 applied. Total new triples: 30041
Rule 2011/2057 applied. Total new triples: 30041
Rule 2012/2057 applied. Total new triples: 30041
Rule 2013/2057 applied. Total new triples: 30041
Rule 2014/2057 applied. Total new triples: 30042
Rule 2015/2057 applied. Total new triples: 30068
Rule 2016/2057 applied. Total new triples: 30068
Rule 2017/2057 applied. Total new triples: 30068
Rule 2018/2057 applied. Total new triples: 30070
Rule 2019/2057 applied. Total new triples: 30070
Rule 2020/2057 applied. Total new triples: 30070
Rule 2021/2057 applied. Total new triples: 30072
Rule 2022/2057 applied. Total new triples: 30072
Rule 2023/2057 applied. Total new triples: 30072
Rule 2024/2057 applied. Total new triples: 30072
Rule 2025/2057 applied. Total new triples: 30072
Rule 2026/2057 applied. Total new triples: 30072
Rule 2027/2057 applied. Total new triples: 30075
Rule 2028/2057 applied. Total new triples: 30076
Rule 2029/2057 applied. Total new triples: 30085
Rule 2030/2057 applied. Total new triples: 30085
Rule 2031/2057 applied. Total new triples: 30086
Rule 2032/2057 applied. Total new triples: 30088
Rule 2033/2057 applied. Total new triples: 30113
Rule 2034/2057 applied. Total new triples: 30113
Rule 2035/2057 applied. Total new triples: 30113
Rule 2036/2057 applied. Total new triples: 30113
Rule 2037/2057 applied. Total new triples: 30113
Rule 2038/2057 applied. Total new triples: 30114
Rule 2039/2057 applied. Total new triples: 30115
Rule 2040/2057 applied. Total new triples: 30115
Rule 2041/2057 applied. Total new triples: 30115
Rule 2042/2057 applied. Total new triples: 30115
Rule 2043/2057 applied. Total new triples: 30117
Rule 2044/2057 applied. Total new triples: 30117
Rule 2045/2057 applied. Total new triples: 30117
Rule 2046/2057 applied. Total new triples: 30117
Rule 2047/2057 applied. Total new triples: 30117
Rule 2048/2057 applied. Total new triples: 30117
Rule 2049/2057 applied. Total new triples: 30117
Rule 2050/2057 applied. Total new triples: 30117
Rule 2051/2057 applied. Total new triples: 30117
Rule 2052/2057 applied. Total new triples: 30118
Rule 2053/2057 applied. Total new triples: 30120
Rule 2054/2057 applied. Total new triples: 30121
Rule 2055/2057 applied. Total new triples: 30121
Rule 2056/2057 applied. Total new triples: 30121
Rule 2057/2057 applied. Total new triples: 30122
Materialization complete. Writing to file...
--- Rule materialization breakdown ---
  Rules processed:                       2057
  Fully materialized (no exceptions):    2057 (of which 452 produced no predictions: lack of groundings)
  Partial (some exceptions, had preds):  0
  Skipped (exceptions, no predictions):  0
  Rules that added new triples:          1035
Total elapsed time for materialization: 385150 ms (385.15 seconds)
Successfully wrote 30122 triples to yago_flip_experiment/predictions_ifp/materialization/20260825_105139//YAGO4.5-10-flipIFP_anyburl_FULL_semantic_10_rules_20260825_105139.nt
Skipping AnyBURL CP: not configured.

##################################################
             MATERIALIZING WITH AMIE RULES        
##################################################
Skipping AMIE FULL: not configured.
Skipping AMIE CP: not configured.
